Unnamed: 0,Algorithm,Module ID,no. of seed genes,total no. of genes in each module,all seed genes,all genes in each module,p-value
7,louvain,5,11,255,"{'ACY1', 'SOD2', 'CFL1', 'CAT', 'ALDH2', 'GSTO1', 'ALDH4A1', 'BCAT2', 'PEBP1', 'GSTA4', 'GSTP1'}","['CFL1', 'ACY1', 'TTC1', 'NOL3', 'GSTA4', 'HSPA4L', 'TAGLN', 'SOD2', 'BID', 'EZR', 'ARHGDIA', 'MSN', 'GSTP1', 'ATF2', 'HSPH1', 'TXNDC17', 'CAT', 'ANXA2', 'FKBP2', 'ALDH2', 'UNC119', 'XPNPEP1', 'IGSF21', 'PEBP1', 'STC2', 'SHMT1', 'CRMP1', 'GSTO1', 'RBM48', 'HSPB1', 'PLAT', 'TERF1', 'SNCG', 'PEX5', 'CARHSP1', 'IDE', 'THEM4', 'BCAT2', 'HSPE1', 'ANXA1', 'DUSP4', 'PDIA3', 'TPI1', 'LGALS1', 'ATG101', 'UBA5', 'PKM', 'VIM', 'USP9X', 'BAG3', 'GAPDH', 'PGAM1', 'CAPN2', 'PDCD6IP', 'UBE2B', 'RANBP1', 'CNST', 'ISG15', 'TERF2IP', 'TINF2', 'POT1', 'NME2', 'ENO2', 'CKB', 'HK1', 'ENO1', 'MDH1', 'LDHA', 'PPIA', 'ALDOA', 'GDA', 'ALDH4A1', 'SRXN1', 'ALDH5A1', 'PRDX1', 'HSD17B4', 'ZC3H11A', 'PCMT1', 'FH', 'GSTT1', 'SOD1', 'SULT1A1', 'ANXA7', 'SERPINH1', 'IGBP1', 'ANXA3', 'PTGR1', 'HMGCS1', 'PCBP1', 'LIG4', 'IQCB1', 'CAPN1', 'PTGES3', 'TRIM4', 'SRI', 'CYP4F12', 'ALDH1A1', 'HLA-DMB', 'GARS', 'GFPT1', 'SSSCA1', 'PDCD6', 'MTAP', 'ARFIP1', 'PUS7', 'ASB1', 'ASB12', 'ASB15', 'ASB16', 'PGAM2', 'UCHL3', 'ALDH16A1', 'CFL2', 'GSTA2', 'C2orf50', 'FUBP1', 'UBE2N', 'TKT', 'PCBP3', 'GSTA1', 'PHOSPHO1', 'PPME1', 'PECR', 'ALDH1A2', 'ALDH6A1', 'FGB', 'SLC9A3R1', 'ABAT', 'ACAA2', 'ACO2', 'GLO1', 'AHCY', 'AKR1A1', 'ALDH1B1', 'LDHAL6A', 'LDHB', 'RPE', 'ADH5', 'DSTN', 'GPI', 'LDHAL6B', 'ARF4', 'ASNS', 'C11orf54', 'ETFA', 'BPNT1', 'CAPN9', 'ACAA1', 'ACE2', 'ACOX1', 'AGL', 'ALDH7A1', 'ENO3', 'PGM1', 'PPA2', 'SORD', 'UFC1', 'CAPG', 'COTL1', 'CRIP1', 'DAZAP1', 'GPT', 'GPT2', 'KYNU', 'PFN1', 'PIR', 'RAB10', 'WDR1', 'COX17', 'CSRP1', 'DBNL', 'DUT', 'ESD', 'ETFB', 'FAHD1', 'FAHD2A', 'FKBP1B', 'GNPDA2', 'GOT1', 'GPX4', 'FKBP7', 'P4HB', 'TXN', 'GSTT2', 'GSTT2B', 'ACAT2', 'LYPLA2', 'MDH2', 'NME1', 'NUDT9', 'SPR', 'YKT6', 'PEPD', 'PGM2', 'HSD17B10', 'TAGLN2', 'TPD52', 'PRDX2', 'PRDX5', 'PRDX6', 'RFK', 'ALDOC', 'OAT', 'STIP1', 'TAGLN3', 'TANGO2', 'MYH7B', 'TRAP1', 'UFM1', 'HSPB2', 'CNDP2', 'SULT4A1', 'PPIB', 'KRT87P', 'PLA2G4A', 'CDC73', 'STMN1', 'FKBP1A', 'ATIC', 'CAST', 'CLIC1', 'EIF5A', 'IDH1', 'RDX', 'S100A11', 'S100P', 'CCS', 'PLIN3', 'PAICS', 'NUDC', 'PARK7', 'GLOD4', 'ISYNA1', 'NSFL1C', 'CIAPIN1', 'TBC1D10A', 'PALM3', 'DUSP12', 'DUSP13', 'LACRT', 'MTHFD2', 'NIT1', 'DLD', 'DLST', 'UBL7', 'RSC1A1', 'PPTC7', 'TYSND1', 'S100A8', 'UBA1', 'PTMA', 'HEXA', 'SNX3', 'LCP1', 'TBCA']",0.04547716637399925
1,louvain,1,19,545,"{'ABL1', 'TSC2', 'VEGFA', 'EFNB2', 'IRS1', 'HRAS', 'TNK2', 'SOCS4', 'IL6', 'CISH', 'EGF', 'STAT3', 'AKT1', 'TRIT1', 'EIF4EBP1', 'CHN2', 'MAP2K7', 'MUC1', 'STAT5A'}","['STAT3', 'IGF1R', 'IRS1', 'PTK2', 'INSR', 'AKT1', 'PLXNA1', 'ABL1', 'HRAS', 'RAP1GDS1', 'CTNND1', 'JAK3', 'STAT5A', 'HSH2D', 'TNK2', 'EIF4EBP1', 'ERBB4', 'EGFR', 'RET', 'EPHA5', 'TSC2', 'JAK1', 'MUC1', 'PTPN6', 'MET', 'SRC', 'BCR', 'TNFRSF10B', 'FADD', 'FASLG', 'RHOA', 'FAS', 'CASP10', 'CASP8', 'TNFRSF1A', 'LYN', 'ERBB2', 'PIK3R1', 'BCAR1', 'GNA13', 'GNA12', 'ABL2', 'CRKL', 'RAF1', 'GADD45B', 'MAP2K7', 'RGL4', 'EGF', 'RIN1', 'RALGDS', 'RASIP1', 'RGL2', 'PAK1', 'AKTIP', 'PIK3CA', 'IL6', 'IL6R', 'RHEB', 'RAP1A', 'GALNT4', 'ADAMTS1', 'VEGFA', 'KDR', 'FYN', 'FER', 'YES1', 'SOS1', 'PRKCA', 'HSP90AA1', 'ARHGEF1', 'GRB2', 'HGH1', 'TRIT1', 'CHN2', 'FGFR3', 'IRAK1', 'SOCS1', 'STAT1', 'PTPN11', 'IL1RAP', 'PGF', 'PIK3R3', 'IL2RB', 'JAK2', 'SHC1', 'INPPL1', 'PDE6D', 'CISH', 'ERBB3', 'MAP3K1', 'GALNT12', 'SLC9A2', 'NRP1', 'FES', 'DOK1', 'ZAP70', 'RASSF5', 'KHDRBS1', 'RAC1', 'MAPK8IP1', 'MAPK8IP2', 'PTPN1', 'MAP2K4', 'GRB10', 'CRK', 'MTCP1', 'SPARC', 'HCK', 'CHUK', 'IKBKB', 'PIK3CD', 'SNCA', 'VAV1', 'DUSP19', 'MAP3K5', 'GHR', 'MTOR', 'RPS6KB1', 'TSC1', 'CAV1', 'LRPAP1', 'PPP2R2A', 'RPTOR', 'PAM', 'RPS6KA1', 'AP3S1', 'ZDHHC16', 'ELP2', 'PTPRF', 'PSEN1', 'EFNB2', 'EPHA3', 'PRKCQ', 'DGKZ', 'DUSP1', 'GPC1', 'MAP3K11', 'NEDD9', 'PRKCZ', 'MAPK8IP3', 'PAX2', 'ARRB1', 'PRKCD', 'NISCH', 'TRIP6', 'GAB2', 'PDPK1', 'PKN2', 'MAP3K8', 'MTBP', 'CBL', 'MAP3K12', 'MAP3K13', 'TUB', 'ROCK1', 'TSHR', 'IL6ST', 'EIF2AK2', 'BMX', 'CD247', 'CCR5', 'IL3RA', 'EPOR', 'PAG1', 'NCK1', 'PLCG1', 'PIK3CG', 'EPHB2', 'MICAL1', 'MCF2', 'RASA1', 'PRKCE', 'KRT17', 'NCK2', 'SORBS1', 'IRS2', 'SHD', 'SHE', 'TBC1D7', 'PLXNB1', 'USP8', 'ALK', 'CBLB', 'IKBKG', 'CDC37', 'MYD88', 'FGFR1', 'FGFR2', 'MAPK11', 'STK4', 'NEDD4', 'FABP4', 'TUBA1A', 'PPP2R1B', 'PPP2CA', 'USP2', 'TRAF6', 'RICTOR', 'TTC3', 'BPGM', 'PI4K2B', 'TIRAP', 'TAB1', 'PDE4D', 'FKBP5', 'PPP3CA', 'PTEN', 'SQSTM1', 'IRAK4', 'GFAP', 'FUT1', 'RASSF3', 'KLHL25', 'SPRY2', 'CD44', 'AXL', 'PDGFRB', 'LTK', 'SOCS4', 'MERTK', 'TRADD', 'GAB3', 'LNX1', 'WAS', 'MAP3K7', 'CSF3R', 'TRAF2', 'SOCS7', 'SH3RF1', 'MAP3K4', 'DHRS2', 'LCK', 'SOCS3', 'LRRK1', 'STK3', 'KCNA5', 'CAMK2A', 'GNB1', 'PIK3R2', 'UBASH3B', 'MAPT', 'TRHDE', 'PINK1', 'SELL', 'PFKFB1', 'NOS3', 'STK25', 'SLC9A3R2', 'PKN1', 'CDH2', 'STAM2', 'BCL10', 'BTK', 'PLCG2', 'SH2B1', 'CARD11', 'DLG4', 'PTPRU', 'PREX1', 'SERTAD4', 'APPL1', 'MAP3K10', 'FGR', 'HES5', 'KRAS', 'PIK3CB', 'CSK', 'DOK2', 'DAB2IP', 'CAMK1', 'NCF1', 'LYVE1', 'FLT1', 'SULT2A1', 'CYP2C9', 'AQP11', 'TICAM2', 'CAMP', 'PTGDS', 'AMBP', 'HSPA6', 'LPXN', 'UGT2B4', 'SPRY1', 'WNT2', 'SESN2', 'IL22RA1', 'VWF', 'ZNF596', 'MDFIC', 'POM121C', 'RASSF6', 'ZNF133', 'PPP2R1A', 'SLMAP', 'RIN2', 'SMYD3', 'ERRFI1', 'NTRK2', 'NTRK3', 'PDZK1', 'EIF2AK1', 'CASK', 'MAP3K3', 'SPRR2A', 'MLST8', 'CLIP3', 'STK11', 'SH2D1A', 'ZNF646', 'SMCO3', 'SYK', 'SNX17', 'PYCARD', 'ACAP1', 'DLC1', 'CDON', 'MBP', 'MAVS', 'RAPGEF1', 'DDR1', 'DDR2', 'PPM1F', 'PPM1A', 'AATK', 'TBK1', 'SHB', 'AKT1S1', 'RRAGA', 'RRAGB', 'RRAGC', 'RRAGD', 'DIRAS3', 'SLC25A41', 'EFNB1', 'EPHB3', 'EPHB4', 'DIP2B', 'RETSAT', 'METTL13', 'TYK2', 'SDC2', 'KIAA0391', 'FAM171A2', 'LMBR1', 'TIGD5', 'RADIL', 'CACNG2', 'HOXB5', 'SPACA1', 'RABGGTB', 'PPM1B', 'RP2', 'TMEM185A', 'HDLBP', 'VEGFB', 'TMEM192', 'PSEN2', 'TMEM223', 'BDH1', 'DUSP14', 'ICOS', 'FAM213B', 'THBS3', 'CYP51A1', 'DHCR24', 'PICK1', 'IER2', 'PDK1', 'RTFDC1', 'AKT2', 'AKT3', 'ILKAP', 'OSTF1', 'STK26', 'BCAR3', 'BRWD1', 'DOK3', 'MPZL1', 'SH2D2A', 'TM4SF19', 'ZNF281', 'OLIG1', 'RBP7', 'SH3BP2', 'ANKS1A', 'FRS3', 'PELI1', 'KLF15', 'OFCC1', 'ZNF557', 'MNDA', 'GRAP2', 'AGR3', 'EPSTI1', 'IL13RA2', 'IL24', 'MRC2', 'OSGIN1', 'S100A14', 'ST14', 'THRSP', 'KLK9', 'BLID', 'CXCL1', 'GREB1', 'PRSS50', 'CCL5', 'GRIN2A', 'PLP1', 'PRKCB', 'SNCB', 'ZNF691', 'MS4A1', 'LNX2', 'PEX1', 'FGFR1OP2', 'ICAM5', 'TXNL4A', 'RNF13', 'FGF5', 'HRH1', 'PDGFRA', 'CTLA4', 'STAT5B', 'TRIM15', 'ANKRD26P1', 'KIF27', 'FBXL12', 'MAP2', 'MAP1LC3A', 'PTPRB', 'PTPRZ1', 'RASD2', 'NGFR', 'AGAP2', 'ARHGAP5', 'ARHGDIB', 'ARVCF', 'CXADR', 'DAG1', 'DLG1', 'EPHA2', 'GAB1', 'ITGB1', 'NOTCH2', 'NOTCH3', 'PTPRJ', 'PXN', 'SLC9A1', 'ADAM17', 'TLN1', 'STK24', 'ARHGAP32', 'RB1CC1', 'FRS2', 'DAAM1', 'EFR3A', 'ARHGEF12', 'MINK1', 'F11R', 'NLRP2', 'LRRC7', 'PEAK1', 'SRCIN1', 'GPRIN1', 'CANT1', 'MPP7', 'SH3PXD2B', 'AGTR1', 'PLA2G16', 'PTPRD', 'PTPRS', 'DUSP22', 'DUSP9', 'LMAN2L', 'CHN1', 'TLR2', 'HSP90AB3P', 'RGS3', 'WNT7A', 'FAM19A3', 'YBEY', 'KLK5', 'LAMP3', 'LRRC32', 'IL20RA', 'PROZ', 'PCDHB11', 'CYP2S1', 'KLK11', 'ATP11C', 'ZNF550', 'TMEM59L', 'ATG3', 'PLCXD2', 'CD83', 'SGK1', 'TPCN2', 'PCDHGC3', 'MBLAC2', 'C1QL4', 'S1PR1', 'DUS4L', 'PLEKHS1', 'TNFSF9', 'TMEM70', 'FAM221B', 'DKKL1', 'TSPAN3', 'GJB7', 'HDHD2', 'SDC3', 'PVR', 'ADAM32', 'PCDHGA5', 'PCDHGB4', 'SDC1', 'TRAPPC5', 'LRP1', 'STYX', 'TEK', 'EGLN1', 'NRAS', 'LCP2', 'TRMT2B', 'ITGB3', 'NRP2', 'PPP2R5C', 'PPM1M', 'DUSP21', 'PRKCI', 'SYTL1', 'RGS12', 'CSF2RB', 'MAP1B', 'PASK', 'MAP4K4', 'TGFB1', 'TUBB3', 'MAP1LC3B', 'EPHA4', 'ARHGEF6', 'ROR1', 'FGFR4']",0.06579061252359761
6,louvain,6,9,209,"{'EXOSC2', 'HADH', 'PRICKLE2', 'PTGS2', 'CCDC134', 'GJB1', 'COL23A1', 'ZBTB8OS', 'PSD2'}","['STRAP', 'COL23A1', 'CHTF8', 'FTL', 'UBAC1', 'EXOSC2', 'CCND2', 'UPF2', 'UPF3A', 'MYCBP', 'UBR1', 'PTN', 'SH3BP5', 'PTGS2', 'BRCA2', 'PTPN2', 'GJB1', 'IGFBP6', 'EXOSC4', 'EXOSC7', 'PSMD10', 'PSME3', 'PPM1D', 'CTR9', 'PSMC3', 'OTUD4', 'PSMD1', 'PSMC5', 'PMS2', 'PSD2', 'PMS1', 'UBE2Z', 'HADH', 'RGL1', 'PRKCH', 'ZBTB8OS', 'UBC', 'RAD23A', 'PSME2', 'UBB', 'PSMD9', 'TTPA', 'PSMD2', 'CCDC134', 'PSMC1', 'PSMD4', 'PSMC6', 'PSMA7', 'UIMC1', 'UCHL5', 'VCP', 'TBRG1', 'ASXL1', 'PSMA3', 'MAPK6', 'NMRK2', 'RAB34', 'PSMB6', 'PSMA8', 'PSMA6', 'PSMA4', 'PSMD11', 'RABGEF1', 'MFN2', 'HERC1', 'POLH', 'RNF11', 'UBQLN4', 'HBB', 'PSMB4', 'DIS3', 'DIS3L', 'EXOSC3', 'PSMC4', 'APP', 'PRICKLE2', 'EXOSC5', 'EXOSC9', 'EPB41L1', 'PSMB2', 'TXN2', 'PSMC2', 'JKAMP', 'NFATC3', 'NOS2', 'MLH1', 'METTL22', 'AICDA', 'PTGIS', 'BCKDK', 'MORC4', 'GSDMB', 'LBP', 'ADH1A', 'LPL', 'KEAP1', 'ETV5', 'TXNDC11', 'WASH2P', 'GALNT13', 'ST6GALNAC1', 'CELF2', 'PTGS1', 'MTR', 'PSMG3', 'RPP38', 'SUGT1', 'ATG16L1', 'ACACA', 'ADARB2', 'CIAO1', 'SPRTN', 'AURKB', 'GTF2F1', 'MEOX1', 'NHLH1', 'TFPT', 'INO80E', 'EXOSC8', 'SHMT2', 'MOV10', 'NXF1', 'EXOSC6', 'EIF2A', 'AMBRA1', 'UBE3C', 'HPS3', 'MTMR1', 'PKN3', 'DPH1', 'NXPH2', 'ZRANB1', 'UBR2', 'ANKRD13D', 'ANKRD13A', 'APOA1', 'FGA', 'ATP8A2', 'CLIC3', 'CLIC4', 'EXOSC10', 'EXOSC1', 'MPHOSPH6', 'PSMA2', 'NUP50', 'PSMA1', 'PSMB8', 'RSU1', 'GTF2E2', 'FAM117B', 'WDFY3', 'RANBP3', 'RASL10B', 'GET4', 'HERC2', 'BTD', 'NT5DC3', 'ASXL2', 'FBXL2', 'PSMD7', 'USP5', 'ALB', 'SHARPIN', 'RNF168', 'PLCB3', 'SYT7', 'USP6NL', 'EPN2', 'ELP4', 'COPG2', 'XRN1', 'SSH3', 'EPN3', 'PARVA', 'VCPIP1', 'TANC1', 'SYAP1', 'FMNL2', 'SLC2A14', 'PHLDB3', 'PTGER1', 'FAN1', 'TMEM184A', 'ZKSCAN1', 'OAS2', 'TCHH', 'CCDC40', 'C1D', 'KLHL7', 'TEX2', 'FOXRED1', 'TSPYL6', 'RAB30', 'LUM', 'RSRC1', 'SLIT2', 'LRRC47', 'ICK', 'WBP2', 'FANCI', 'ZGRF1', 'SIX2', 'PHPT1', 'FHOD1', 'AHSG', 'FBXO7', 'KIF4A', 'YEATS2', 'ABR']",0.06853650612225286
3,louvain,7,6,170,"{'SIRPA', 'PRKG1', 'PBLD', 'KRT8', 'PRKAA1', 'IFT88'}","['IFT88', 'BYSL', 'KRT8', 'PBLD', 'NPR1', 'PRKG1', 'SIRPA', 'ZBTB25', 'FXR2', 'TRIP13', 'ABI2', 'MRVI1', 'CCNG1', 'PRKAA1', 'FNIP1', 'NPDC1', 'IKZF3', 'AES', 'TNNT1', 'TROAP', 'PRKAG1', 'FBXW5', 'PRKAB2', 'PRKAB1', 'PRKAA2', 'PRKAG2', 'ULK1', 'GNL3L', 'BRSK1', 'MARK4', 'SNRK', 'QRSL1', 'TRIM27', 'VPS72', 'TRAF4', 'HGS', 'EPM2A', 'IFT81', 'IFT46', 'POLR1C', 'GORASP2', 'TRAF3IP1', 'EHHADH', 'TRAF5', 'CORO1A', 'SOX5', 'NIF3L1', 'WT1', 'TUSC2', 'MAP3K7CL', 'PLEKHA4', 'ZNF408', 'LONRF3', 'MDFI', 'SPERT', 'AQP1', 'CDX4', 'SDCBP', 'WDYHV1', 'GOLGA2', 'KRT31', 'APPBP2', 'KRTAP10-7', 'KRTAP10-9', 'KRTAP10-3', 'NOTCH2NL', 'RBPMS', 'KRT13', 'KRT15', 'KRT38', 'TFIP11', 'KRT40', 'LMO2', 'BEND7', 'VPS52', 'ZBED1', 'MTUS2', 'ROPN1', 'THAP1', 'HOMEZ', 'HMBOX1', 'VPS37B', 'TSC22D4', 'RIMBP3', 'UBXN11', 'PNMA5', 'RFX6', 'FAM124A', 'TEX11', 'CCDC33', 'EFHC2', 'C1orf94', 'NEK6', 'CCDC184', 'CCDC57', 'C4BPB', 'SURF2', 'DIP2A', 'POM121', 'SBF1', 'PLEKHG4', 'RDH12', 'SIRPG', 'IFT57', 'PXMP2', 'CCDC151', 'DCLRE1C', 'BOLL', 'MATN3', 'HYI', 'IFT80', 'MMAB', 'PGLS', 'FAM208B', 'CCDC87', 'LASP1', 'LCA5', 'ZSCAN26', 'SMC6', 'GDF15', 'FARS2', 'R3HDM2', 'UBE2O', 'PARS2', 'UBXN10', 'ARMC7', 'PLSCR1', 'SCEL', 'NEBL', 'CDC42EP1', 'KANK2', 'ABCF3', 'KIAA1217', 'PLSCR3', 'LZTS2', 'CCDC120', 'PPP1R18', 'FAM126B', 'ZNF232', 'TTC30A', 'TTC30B', 'ZNF785', 'PRKAG3', 'STIM2', 'ZFC3H1', 'PHKG2', 'CORO2B', 'CUTA', 'TMCO3', 'RHPN1', 'ZNF414', 'CCKBR', 'SMOC1', 'LMF2', 'ZNF764', 'IFT172', 'IFT20', 'IFT74', 'IFT27', 'CLUAP1', 'HSPB11', 'TTC26', 'DHPS', 'IFT22', 'IFT52', 'FANCG', 'CEP57L1', 'ZNF687', 'TMCC2', 'PRPF31']",0.2384522755653207
8,louvain,8,4,104,"{'FTH1', 'MPO', 'ARG1', 'SERPINB3'}","['FTH1', 'MAGEA12', 'SERPINB3', 'JUP', 'ELL3', 'CTSK', 'CTSL', 'CTSS', 'PKP1', 'PPL', 'ARG1', 'USP53', 'MPO', 'IGHA1', 'SERPINB4', 'IGHG1', 'MMRN1', 'PHF19', 'SERPINB5', 'SUSD3', 'ME1', 'GPR18', 'ASCC1', 'DDX19B', 'KIR3DS1', 'CCDC51', 'ICE2', 'PKP3', 'C16orf70', 'ZSCAN20', 'IGKC', 'FGG', 'IGHG3', 'CALML5', 'CCDC94', 'NARS', 'GSTCD', 'CA8', 'KLK7', 'FBXL4', 'ALOX15', 'DSC3', 'EVPL', 'GM2A', 'IVL', 'PI4KA', 'SPRR3', 'ZNF185', 'TRIM29', 'TBC1D22B', 'CAMK1D', 'NDRG2', 'POF1B', 'ELMOD3', 'ZG16B', 'SBSN', 'FRMD1', 'SDR16C5', 'APCDD1', 'SEMG2', 'SEMG1', 'A2ML1', 'HAL', 'PLB1', 'TREX2', 'KLK10', 'SERPINB7', 'SERPINA12', 'IL1RN', 'ACPP', 'CDK15', 'PLBD1', 'ZIC1', 'CRNN', 'CPA4', 'CASP14', 'TGM5', 'TGM1', 'CTSV', 'CST1', 'ALOX12B', 'FLG', 'PKD2L2', 'IL37', 'CST6', 'ASAH1', 'NPPA', 'CALML3', 'CAPNS2', 'TGM3', 'UCP2', 'NPB', 'FCRL5', 'FCF1', 'C21orf59', 'NCCRP1', 'CST4', 'ARG2', 'RBM24', 'PDE4DIP', 'ECM1', 'EHF', 'ASPRV1', 'SUV39H2']",0.2520873194859444
4,louvain,4,10,345,"{'PSCA', 'YIF1A', 'ANXA4', 'UQCR11', 'PHB', 'CPS1', 'DPP10', 'HIGD2A', 'ERGIC3', 'COG4'}","['NTRK1', 'PRTFDC1', 'CLN5', 'ERGIC1', 'ERGIC3', 'COG1', 'COG4', 'COG2', 'COG5', 'COG7', 'PHB', 'CA9', 'NDUFA13', 'XPO7', 'SLC35F6', 'ACP5', 'GOLM1', 'VEZT', 'TF', 'RAB5A', 'COG3', 'LIMK2', 'SYNE2', 'NF2', 'CLN3', 'LAMTOR3', 'SLC25A11', 'SLC25A6', 'ANXA4', 'PHB2', 'ADRB2', 'CPS1', 'CD4', 'LAMP2', 'TRIM13', 'GORAB', 'ZFYVE28', 'ABCB1', 'EXOC1', 'SMPD1', 'YIF1A', 'NAA16', 'CDK5RAP3', 'CD99', 'DPP10', 'KCND3', 'EMD', 'NSF', 'ATP1A1', 'ATP6V0A2', 'ATP13A2', 'ATP6V1B1', 'HIGD2A', 'COG8', 'UQCR11', 'UQCRQ', 'VAPA', 'NNT', 'STIM1', 'DNAJB11', 'SEC22B', 'CPT1A', 'PTGES2', 'MPST', 'TBL2', 'STX7', 'UQCRC2', 'WDR6', 'ECT2', 'VKORC1', 'VRK2', 'ACADVL', 'IPO11', 'VDAC2', 'COL9A2', 'COG6', 'ATP4A', 'PSCA', 'BICD1', 'HLA-A', 'CREB3', 'SDHC', 'OS9', 'LMAN2', 'GANAB', 'GCAT', 'TMED9', 'DERL1', 'ELMO1', 'HSP90B1', 'COX6C', 'LAMA1', 'HIPK4', 'TBC1D15', 'AGPS', 'DLAT', 'ESYT1', 'OGDH', 'RHOG', 'BLK', 'GALT', 'TFRC', 'ZDHHC17', 'FAF2', 'PPM1E', 'CKAP4', 'SUN2', 'RIC3', 'SPINT2', 'CD27', 'CAND2', 'EIF2B4', 'SAAL1', 'ATP2B2', 'DENND6A', 'EIF2B5', 'DAD1', 'BSG', 'ATP6V0A1', 'HBD', 'CD274', 'PEX19', 'ARHGEF26', 'EEF2KMT', 'VSIG2', 'CA14', 'PNKD', 'RARS2', 'POMK', 'DLK1', 'PRKCSH', 'VSIG4', 'TEKT4', 'DPEP2', 'COX16', 'ATP1A3', 'TMEM87A', 'SLC30A9', 'DNAJC11', 'FLVCR1', 'PARL', 'MFAP3', 'FAR2', 'ARV1', 'CLPTM1', 'SLC26A2', 'EXT1', 'TMEM246', 'STOM', 'STARD3', 'VMP1', 'ERGIC2', 'LMBRD2', 'TMEM184B', 'SLC25A17', 'CHPT1', 'GK', 'NDC1', 'PIGU', 'SFXN5', 'WRB', 'TMEM186', 'RER1', 'YIPF3', 'SLC16A13', 'SLC25A46', 'SGPP1', 'BSCL2', 'PTPMT1', 'DOLK', 'MTFP1', 'ALG3', 'SCN2B', 'SERPINA1', 'IGHG4', 'ALDH3A2', 'CLEC5A', 'RAB8A', 'ATL3', 'BCAP29', 'BCAP31', 'ATPIF1', 'COX5A', 'CYCS', 'EIF2B1', 'CHMP2A', 'STAG2', 'ATP5J', 'LGALS3', 'AFG3L2', 'ATP5B', 'ATP5L', 'COX4I1', 'CYC1', 'DDOST', 'GOSR2', 'HSD17B12', 'LMAN1', 'MTCH2', 'NDUFB4', 'RAB1A', 'RAB1B', 'RAB2A', 'SCAMP2', 'SSR1', 'STOML2', 'VDAC1', 'VDAC3', 'RTN4', 'SSR3', 'ATP5F1', 'NDUFB10', 'UQCRFS1', 'FAP', 'RABGAP1', 'VPS39', 'NACAD', 'CDH13', 'PDHB', 'ATP2A2', 'CANX', 'TCTN3', 'TCTN1', 'TMEM17', 'TMEM216', 'TMEM67', 'ATP2B1', 'RAB7A', 'XRCC3', 'PDHA1', 'RAB5C', 'AKAP1', 'RAB11A', 'EMC2', 'MTX2', 'GOLT1B', 'TMEM63B', 'YIPF5', 'MMGT1', 'SLC33A1', 'PDHX', 'RABL3', 'FOXD4', 'FOXF1', 'DEPDC1', 'RHOU', 'ESRRB', 'TRUB2', 'UBIAD1', 'RRP1', 'KIAA1551', 'VANGL2', 'SIRT3', 'ADCY9', 'ATP2B4', 'SCARB1', 'CTNNA2', 'HLA-C', 'KTN1', 'LBR', 'SLC1A5', 'SLC3A2', 'SLC12A2', 'SNAP25', 'STX4', 'SLC30A1', 'SNAP23', 'VAPB', 'RAB11B', 'VAMP3', 'SNAP29', 'SLC4A7', 'BZW1', 'IST1', 'GOLGA5', 'FLOT1', 'PGRMC2', 'EHD1', 'EXOC3', 'PDXDC1', 'CHMP2B', 'BZW2', 'STXBP6', 'EHD4', 'CHMP5', 'TMEM51', 'STEAP3', 'ESYT2', 'KIDINS220', 'SLC38A1', 'CHMP4B', 'TMEM199', 'MARVELD2', 'FAM91A1', 'FAM171B', 'RELL1', 'STX5', 'PPEF2', 'TPTE', 'CD79B', 'NUP54', 'PDK2', 'NDUFS6', 'CLPB', 'PDK3', 'ZNF696', 'DEFB121', 'TMEM206', 'COPG1', 'ZFPL1', 'PLXDC2', 'MGST3', 'COMMD8', 'SIGLECL1', 'NDUFS7', 'VSIG1', 'SLC22A6', 'ACSM5', 'SPPL2B', 'C3AR1', 'ZNRF4', 'OPRM1', 'CCDC115', 'VAC14', 'NUS1', 'ACAD9', 'VAMP2', 'CHRND', 'DLK2', 'SLC39A8', 'OTC', 'EXOC2', 'VAMP1', 'HAX1', 'RIPK4', 'NDUFS2', 'NDUFS3', 'LRBA', 'RCN2', 'RAB6A', 'OPTN', 'ATP5A1', 'ERLIN1', 'ATP6V1A', 'SEC61B']",0.3403030295890098
2,louvain,0,11,623,"{'CEBPA', 'IGF2', 'PIM1', 'CDKN2A', 'FOXM1', 'MAPK8', 'MAPK9', 'MDM2', 'NR1I3', 'SIX3', 'CCND1'}","['ESR1', 'MAPK8', 'ATM', 'CDKN2A', 'MAPK9', 'TRIM2', 'CDK4', 'USF2', 'AURKA', 'CDK6', 'AR', 'HDAC1', 'HDAC2', 'RB1', 'CTNNB1', 'GSK3B', 'FANCC', 'MDM2', 'TP53', 'CEBPA', 'CCND1', 'HDAC3', 'MDC1', 'NCOA6', 'RAD51', 'CTBP1', 'ATR', 'FANCA', 'CREB1', 'CTBP2', 'TP73', 'PML', 'SERTAD1', 'E2F1', 'JUN', 'NR3C1', 'MYOD1', 'MSX2', 'MYC', 'TRIB3', 'HIF1A', 'KAT5', 'THRB', 'THRA', 'TGM2', 'NCOR1', 'SIN3A', 'SMARCA4', 'SMARCA2', 'EID1', 'MDM4', 'SPIB', 'SPI1', 'CREBBP', 'EP300', 'KAT2B', 'SMAD1', 'NEUROD1', 'BAG6', 'PIM1', 'BRD7', 'SETDB1', 'TAF1', 'IGF2', 'NOV', 'RASSF1', 'E4F1', 'CCNDBP1', 'MAPKAPK2', 'MAPK14', 'TBP', 'HERC5', 'CTGF', 'ESR2', 'IGFBP7', 'PRKDC', 'CDKN1C', 'MAP2K1', 'MAPK1', 'PRKD1', 'NCOA1', 'IGFBP3', 'RFX1', 'CDKN1B', 'RAD9A', 'PAX6', 'SIX3', 'TCL1A', 'RARB', 'RBX1', 'PIAS3', 'BCL2', 'BCL2L1', 'SMAD2', 'SMAD3', 'SMAD4', 'SMAD7', 'FOXO1', 'TERT', 'CCND3', 'PLK1', 'UBE3A', 'SPTA1', 'NCOA3', 'GTF2I', 'RFC1', 'DUSP16', 'NR4A1', 'NR1I3', 'POU1F1', 'PCNA', 'JUND', 'CABLES2', 'TCL1B', 'PGR', 'TLE1', 'REL', 'NFATC1', 'CBX3', 'JUNB', 'CDKN1A', 'CBX1', 'ETV1', 'ELK1', 'TOB1', 'RXRA', 'IFNAR1', 'HNF1A', 'NFKB1', 'RELA', 'NMI', 'RYBP', 'CEBPB', 'NR4A3', 'RBL2', 'RBL1', 'XRCC6', 'UBTF', 'IGFBP4', 'IGFBP5', 'RRM2B', 'OTUB1', 'ING4', 'FOXO4', 'DAXX', 'DHFR', 'STUB1', 'USP7', 'PIAS1', 'PIAS2', 'RBBP6', 'COPS7A', 'COPS3', 'CHEK2', 'SIRT1', 'UBE2G2', 'UBE2U', 'PYHIN1', 'BANP', 'DDA1', 'PARP1', 'ING1', 'TRIM28', 'TOLLIP', 'GATA3', 'ATF3', 'FOXM1', 'GRIN3A', 'ZEB2', 'MAX', 'MAF', 'ZNF45', 'MXD1', 'ZBTB3', 'HOXC11', 'PPARG', 'STAT6', 'SS18L1', 'PCBD2', 'SP1', 'CHD1', 'EDF1', 'NCOR2', 'HDAC9', 'YY1', 'INSM1', 'SMARCB1', 'SMARCC1', 'SMARCC2', 'SAP25', 'VDR', 'BCL3', 'HNF4A', 'HSPA8', 'SMC1A', 'HIST3H3', 'MSH2', 'USP19', 'RNF8', 'FBXO2', 'FBXO27', 'SET', 'CDK1', 'CCNB1', 'EZH2', 'TOPBP1', 'HSPA4', 'DNMT1', 'TFCP2', 'NOTCH1', 'CARM1', 'NFKBIA', 'NFKBIZ', 'NFATC2', 'CCNE1', 'UBE2I', 'NFATC4', 'MTA1', 'EHMT1', 'SUV39H1', 'NFE2', 'TADA2A', 'SIVA1', 'RCHY1', 'SKP1', 'FBXW8', 'UBE2D1', 'CASP2', 'FBXO4', 'TP63', 'SKP2', 'CDC34', 'CDC20', 'USP10', 'CRYAB', 'RUNX3', 'APEX1', 'FBXO31', 'ARID4A', 'SOX4', 'HECW1', 'UBE4B', 'HEXIM1', 'DYRK2', 'UHRF2', 'NR5A2', 'FOXO3', 'UCHL1', 'S100A1', 'S100A2', 'S100A4', 'S100A6', 'S100B', 'USP42', 'BAG1', 'BTRC', 'FBXW11', 'RFWD2', 'NOTCH4', 'NCOA4', 'COMMD1', 'DNAJB1', 'SENP3', 'NMT2', 'ZNF605', 'DUSP8', 'FAM193B', 'BMPR2', 'PNRC1', 'ZNF219', 'SCAND1', 'TK1', 'PIN1', 'ZHX1', 'DEAF1', 'FAF1', 'SNAI1', 'PHLPP1', 'FZR1', 'CHD7', 'RFFL', 'MAPK3', 'SETD7', 'KDM1A', 'MYB', 'SP110', 'AK5', 'MNT', 'E2F4', 'MPP2', 'RUNX2', 'XRCC5', 'KAT8', 'NR0B2', 'WRNIP1', 'BHLHE40', 'SPP1', 'WRN', 'RAD50', 'NBN', 'BCL2L11', 'DTL', 'CDC27', 'ITCH', 'BCL6', 'RAD18', 'BRAP', 'USP4', 'AATF', 'BUB1B', 'SUMO1', 'UBE2D2', 'RNF115', 'TCAP', 'MUL1', 'ARIH2', 'IRF2', 'TPT1', 'ANG', 'PDCD5', 'CCNC', 'ZBTB16', 'MED1', 'ERCC6', 'ERCC8', 'DDB1', 'HIPK2', 'CASP3', 'XIAP', 'PCGF2', 'SREBF1', 'KCND2', 'ATXN1', 'SKI', 'PBX1', 'UBE2D3', 'UBE2L3', 'MAP2K2', 'UBE2E2', 'UBE2E3', 'STAB2', 'MECP2', 'NABP2', 'HSF1', 'HSPA1A', 'PCSK4', 'DCP1A', 'MYCN', 'FHL2', 'BARD1', 'SRA1', 'IRF3', 'EGR1', 'ELK4', 'SIAH1', 'SIAH2', 'IRF1', 'BMF', 'EPAS1', 'SLC4A1', 'PKMYT1', 'RAD17', 'ZNF420', 'MCM10', 'GMNN', 'CDC6', 'NKX3-1', 'MAPK10', 'CDKN2C', 'ATF7', 'HES1', 'SMG5', 'CHD9', 'GADD45A', 'RARA', 'YY1AP1', 'BATF3', 'BATF2', 'BATF', 'ATF4', 'FOS', 'DBP', 'CEBPE', 'ATF5', 'FOSL1', 'CEBPG', 'RGCC', 'TRIM23', 'MKRN3', 'PHF7', 'RNF10', 'RNF126', 'UBE2K', 'OGDHL', 'CRELD2', 'CDC16', 'CSNK2B', 'HIVEP1', 'PIAS4', 'SUPT20H', 'CLU', 'PRRG4', 'BRINP1', 'SCOC', 'GATA1', 'MKNK2', 'ID2', 'IGH', 'HELZ', 'DNAJB4', 'ZFPM2', 'SHPK', 'CYHR1', 'POLR2G', 'BCL11A', 'BHLHE41', 'DYRK1B', 'HIPK1', 'NUCB1', 'HECW2', 'JADE1', 'USP26', 'PPARGC1A', 'LEF1', 'XPC', 'BRD4', 'NFE2L2', 'ANAPC2', 'NLK', 'SNAI2', 'RBM38', 'FHIT', 'RBBP8', 'RECQL', 'HIC1', 'PER2', 'USP22', 'SIRT6', 'CASP9', 'YAP1', 'GATA2', 'BECN1', 'TSC22D3', 'TRIM50', 'PADI4', 'PHC2', 'TCF4', 'HEXIM2', 'RAD54B', 'L3MBTL3', 'TCF12', 'TXNIP', 'NFKB2', 'IYD', 'FHL1', 'KAT6A', 'DET1', 'MSH5', 'NARF', 'KLF4', 'MED16', 'RFPL2', 'SLAMF7', 'KIRREL2', 'PPARD', 'DTX3', 'NCOA2', 'MED13', 'MED12', 'MED23', 'MED24', 'MED14', 'MED17', 'MED15', 'TRPV5', 'ATE1', 'KCNAB3', 'TCEAL1', 'MCL1', 'DCAF4', 'ABCB6', 'NR2F2', 'HIST1H1B', 'LRRC15', 'DSG4', 'VSIG8', 'RNF166', 'KDM3A', 'ELF4', 'CKS2', 'PITPNA', 'RBBP5', 'CDT1', 'HESX1', 'TWIST1', 'ZNF829', 'SMARCD1', 'CHTF18', 'TDG', 'PPP2R5B', 'ZBTB17', 'MTA3', 'TFF1', 'BCAS3', 'ANGPTL4', 'NAT2', 'MED20', 'SMARCE1', 'RANBP9', 'BCL7A', 'MIS12', 'DNAJC7', 'ZBTB33', 'RNASEH2B', 'ASPM', 'REV3L', 'ZWINT', 'ZNF518A', 'PLXNA3', 'STK11IP', 'BUB1', 'MAPKAPK5', 'RPS6KA5', 'KLF5', 'PYGO2', 'FOXG1', 'FOXH1', 'LIN9', 'MYBL2', 'LIN54', 'KIF22', 'LIN37', 'GTF3C4', 'CBX5', 'DNMT3L', 'RLIM', 'IER3', 'RRM1', 'NR0B1', 'NR1I2', 'PDS5A', 'NPIPB3', 'HMGN1', 'PRDM2', 'PBXIP1', 'FBXW7', 'NGB', 'GABBR2', 'HIST1H2BB', 'ZNF131', 'USP15', 'MAGEC2', 'SIRT2', 'KPNA6', 'BCL2L2', 'HCFC1', 'LAD1', 'MARCKS', 'NFKBIE', 'STAT2', 'CCNB2', 'H2AFY', 'N4BP1', 'MKL2', 'ARFGAP2', 'FAM126A', 'TENM3', 'RELB', 'RBP4', 'TRIB2', 'COL20A1', 'TRIM33', 'LRRC56', 'CDK5', 'HOXC10', 'YAF2', 'C5orf24', 'MED21', 'TSR3', 'TULP3', 'ARNTL2', 'ZNF274', 'DDIT3', 'FANCD2', 'USP1', 'ANAPC15', 'NOL4', 'HLA-DOB', 'MAF1', 'RBM26', 'ZUFSP', 'UBE2S', 'NR1H3', 'E2F6', 'ZMYM4', 'PCGF6', 'KIF16B', 'TRIB1', 'TADA3', 'TFAP2A', 'MSH6', 'DNAJB6', 'NR2C2', 'ZHX3', 'ACTL6A', 'CDKN2B', 'HDAC6', 'POLE', 'POLR2A', 'CHEK1', 'CABLES1', 'HMGB1', 'GATAD2B', 'SP3', 'ARID1A', 'PJA1', 'PLCB1', 'NKX2-1', 'KMT2B', 'PRDM16', 'ZZZ3', 'WIZ', 'CACHD1']",0.9223070563434148
5,louvain,2,6,514,"{'TRIO', 'ZBTB20', 'CDH1', 'TPM4', 'IGFBP1', 'ACTC1'}","['CDH1', 'CBLL1', 'FLNA', 'TRIO', 'PPP1R9B', 'DUSP10', 'ACTB', 'ACTG1', 'CEP44', 'WDR62', 'TPM4', 'YWHAQ', 'TRIP10', 'APC', 'VCL', 'ITGAE', 'CTNNA1', 'SFN', 'CDH3', 'BRAF', 'RASGRF1', 'ABLIM3', 'ACTC1', 'FNBP1', 'RGS2', 'AJAP1', 'LIMK1', 'GPX1', 'RALA', 'GPSM2', 'TNNI3K', 'ABI1', 'NUMB', 'RAB8B', 'ACTN1', 'PKP4', 'PRKACA', 'SH3GL2', 'YWHAZ', 'CAP1', 'ACTA1', 'ITPR1', 'SHOC2', 'TIAM1', 'ST5', 'MYO7A', 'IGFBP1', 'SPAG9', 'CDC42', 'MAGI1', 'PPP1R12B', 'PPP1R12A', 'YWHAE', 'MAPKAP1', 'BAD', 'AXIN1', 'SPTAN1', 'SNX6', 'ARHGAP17', 'ARPC2', 'EVL', 'CFTR', 'CLTC', 'OCLN', 'YWHAH', 'CDC25A', 'YWHAB', 'NF1', 'SORBS2', 'SH3BP1', 'TSG101', 'AFAP1', 'XPO1', 'PAK2', 'IQGAP1', 'ARFIP2', 'MAP3K2', 'KRT18', 'GNAS', 'CCAR1', 'MARK2', 'ZHX2', 'USP32', 'ADAM9', 'PACSIN1', 'MACF1', 'SPTBN1', 'RPGRIP1', 'ZBTB20', 'CDK10', 'CDKL5', 'PTPN4', 'ANP32E', 'SRP9', 'CDC25B', 'GSK3A', 'CLTA', 'AMPH', 'BIN1', 'NEDD4L', 'MAGI3', 'SIK3', 'SIK1', 'SIK2', 'NUAK1', 'NUAK2', 'BRSK2', 'MARK1', 'MARK3', 'NKD2', 'BAIAP2L1', 'TJP1', 'CSNK1D', 'CALM1', 'CSNK1A1', 'DISC1', 'PDLIM7', 'APOH', 'CCDC88C', 'GNB2', 'DCTN1', 'AKAP9', 'ITSN2', 'ELAVL1', 'SH3KBP1', 'CD2AP', 'FGFR1OP', 'LATS1', 'GGA1', 'EEA1', 'WNK4', 'PPP1CA', 'PPP1CB', 'PPP1CC', 'FLNB', 'NPHP1', 'SNX9', 'LATS2', 'IBTK', 'KLHL2', 'GSN', 'NEK1', 'GGA3', 'PPP1R13B', 'CRTC2', 'LRRK2', 'CTTN', 'YWHAG', 'DAPK1', 'DAPK3', 'AP2M1', 'EPS15', 'AP2B1', 'BMP2K', 'REPS1', 'STON2', 'AP2A1', 'WASF1', 'TPM2', 'TPM1', 'TPM3', 'ACTA2', 'MYH10', 'DBN1', 'ZYX', 'PFDN4', 'TELO2', 'MYH9', 'CORO1C', 'DCTN2', 'PAK6', 'ZFHX3', 'ACTN4', 'ZFP36L1', 'DAB2', 'CDC25C', 'CAPZA1', 'PLEC', 'RAPH1', 'MST1R', 'RABL6', 'APLP2', 'CCDC88A', 'HDAC8', 'TBC1D4', 'TRIM9', 'ECH1', 'TDRD7', 'VPS35', 'LMO7', 'MYL3', 'SSU72', 'RABEP1', 'CAPNS1', 'SNX13', 'CEP120', 'ARAF', 'RYR2', 'CLSTN1', 'CWC25', 'SEC13', 'MYL12A', 'BRK1', 'ACTBL2', 'CSTF2', 'NCKAP1', 'TBCD', 'NBR1', 'DVL2', 'PIP5K1C', 'NEK9', 'ZNF318', 'NAV1', 'NAV2', 'NAV3', 'MAPRE1', 'ITPR3', 'METTL1', 'SSX2IP', 'USO1', 'FAM110C', 'CAMKK1', 'MAST3', 'PDE3A', 'ABCE1', 'AZU1', 'TBC1D10B', 'MAP7D2', 'PLEKHH3', 'KIF14', 'DNM3', 'MAP7D3', 'PKP2', 'TRAK2', 'TRMT61A', 'CACNG4', 'ANTXR1', 'MED4', 'SH3GLB1', 'CAP2', 'EDC3', 'DCP1B', 'SLC38A10', 'PAM16', 'CSNK1E', 'COMMD4', 'MYO6', 'RASSF7', 'RASSF9', 'RASSF10', 'ACTN2', 'PDRG1', 'ARHGAP1', 'CFAP45', 'DYNLL1', 'NAA25', 'PAK4', 'SLC25A32', 'CENPE', 'PAQR7', 'DTNA', 'MPP5', 'TP53RK', 'NXT2', 'PAFAH1B2', 'CCNI', 'CLASP2', 'PTPN3', 'SRR', 'AHI1', 'CNTROB', 'SPICE1', 'RPGRIP1L', 'SCLT1', 'STIL', 'CENPJ', 'AP4M1', 'ADD3', 'MYO1C', 'CFAP97', 'CAPZA2', 'ACTR2', 'SYNPO', 'LIMA1', 'ANLN', 'MYO19', 'MYO18A', 'AP1S2', 'KIF18A', 'PARD6B', 'GABPB1', 'ADD1', 'PRC1', 'TJP2', 'ACTR3', 'GAK', 'GTSE1', 'CRTC3', 'FAM83H', 'ERMP1', 'LRRFIP2', 'KLHL3', 'LTB4R2', 'FAM129B', 'RRAD', 'SMG7', 'ANK3', 'DST', 'CALD1', 'CAPS', 'CAPZB', 'CNN2', 'CNN3', 'COL17A1', 'CTSB', 'DSG2', 'DVL3', 'EIF5', 'EPB41', 'GOLGA3', 'GOLGB1', 'GSPT1', 'AGFG1', 'IGF2R', 'ITGA6', 'KCNN4', 'KIF5B', 'ABLIM1', 'LLGL1', 'LPP', 'MYO1B', 'NHS', 'PCDH1', 'TWF1', 'SH3GL1', 'FSCN1', 'SNX1', 'SNX2', 'SPAG1', 'SPTBN2', 'SSFA2', 'SVIL', 'TP53BP2', 'TPD52L2', 'TTK', 'UTRN', 'VASP', 'TRIM25', 'LUZP1', 'PICALM', 'PPFIBP1', 'SYNJ1', 'SYNJ2', 'GPRC5A', 'SLC16A3', 'PDLIM1', 'LRRFIP1', 'DLG5', 'NUMBL', 'TRIP11', 'ARHGAP29', 'CLINT1', 'SLK', 'PHACTR2', 'ZFYVE16', 'WASF2', 'INADL', 'SEC24B', 'BAIAP2', 'PDLIM5', 'GIPC1', 'SEPT9', 'PPP1R13L', 'NUDT5', 'AKAP2', 'PACSIN2', 'TWF2', 'COBLL1', 'AAK1', 'PLEKHA6', 'SHANK2', 'LIMCH1', 'SWAP70', 'ERC1', 'SIPA1L3', 'EPB41L3', 'MPRIP', 'EHBP1', 'DOCK9', 'SRGAP2', 'SCRIB', 'CDC42EP4', 'TMEM2', 'ZDHHC5', 'GIGYF2', 'RAI14', 'GAPVD1', 'TES', 'SNX5', 'ARHGEF16', 'TMOD3', 'ASAP1', 'LSR', 'PLEKHA5', 'EPB41L4B', 'CC2D1A', 'EPS8L1', 'FNBP1L', 'UACA', 'FERMT1', 'DENND4C', 'SCYL2', 'UBAP2', 'ZC3H15', 'UNC45A', 'UBFD1', 'PARD3', 'SH3GLB2', 'CORO1B', 'TTC7A', 'NHSL1', 'SCYL1', 'CASKIN2', 'CGN', 'ARHGAP21', 'SHROOM3', 'ARHGAP23', 'KIAA1522', 'EPS15L1', 'PLEKHA1', 'PLEKHA2', 'ACBD3', 'EPS8L2', 'KLC2', 'PHACTR4', 'EFHD2', 'CLMN', 'PLEKHO2', 'DIAPH3', 'CDCA3', 'FAM110A', 'C1orf198', 'MICALL1', 'KIAA1671', 'TNKS1BP1', 'PHLDB2', 'SPECC1', 'ARHGAP18', 'ELFN2', 'USP43', 'CCDC43', 'PLEKHA7', 'WIPF2', 'VSIG10L', 'PROM2', 'MB21D2', 'SH3D19', 'FAM84B', 'SPRED1', 'FAM83B', 'EHBP1L1', 'LRRC57', 'PPP1R37', 'CCDC85C', 'FMN1', 'MACC1', 'GOLGA8B', 'C6orf132', 'ARPIN', 'KDF1', 'CCSER2', 'DTNBP1', 'CTNNA3', 'SUSD5', 'CCDC183', 'TIMP1', 'MYADM', 'ZNF664', 'P4HA3', 'CPM', 'TIMP3', 'COBL', 'CD59', 'NDST2', 'USP46', 'TMEM9B', 'P4HA2', 'NDUFA4L2', 'CBY1', 'MTNR1B', 'WDR92', 'CTDSP2', 'AZIN1', 'EGLN3', 'PTPRCAP', 'DUSP7', 'PPP1R3C', 'PTPRM', 'TCHP', 'SSH1', 'PKD1', 'ARF6', 'DNM2', 'ENAH', 'PACSIN3', 'ROBO1', 'WASL', 'TNIK', 'TGOLN2', 'PFDN6', 'PPP6R3', 'KIAA1549', 'IARS2', 'DYNC1LI1']",0.9919150152549008
0,louvain,3,4,487,"{'DDX54', 'NOP16', 'MGMT', 'TTLL9'}","['RPA2', 'DDX54', 'PRRC2A', 'LSM8', 'SF3B4', 'EIF4E', 'TCERG1', 'BRCA1', 'CSE1L', 'YTHDC1', 'KHSRP', 'AKAP8', 'RPL11', 'RPL5', 'UPF1', 'UBE2A', 'CSNK2A1', 'MGMT', 'CSNK2A2', 'BLMH', 'NOL12', 'PNO1', 'RPS3A', 'EEF1G', 'EIF6', 'IMPDH2', 'ARRB2', 'KRT10', 'VTN', 'PSTPIP1', 'SND1', 'HSP90AB1', 'HSPA5', 'HSPD1', 'ILK', 'NUMA1', 'RAN', 'CDK2', 'PNN', 'FKBP3', 'RPL26', 'NPM1', 'SNRPE', 'GNL3', 'COPS5', 'TOP1', 'MEPCE', 'CUL1', 'CUL4A', 'NCL', 'EIF5B', 'SUPT16H', 'PA2G4', 'G3BP1', 'FMR1', 'RPL35', 'DDX17', 'H2AFX', 'MRTO4', 'HIST2H2BE', 'RPL23', 'H2BFM', 'MCM3', 'DDX5', 'DDX24', 'CDK12', 'PRPF4', 'KPNB1', 'WNT9B', 'PABPC3', 'HNRNPA2B1', 'HNRNPC', 'RPS15A', 'RPLP1', 'EIF3H', 'EEF1A1', 'EEF1A2', 'EEF1B2', 'SLC25A4', 'IL25', 'FBL', 'TUBB4B', 'TUBA1C', 'SSRP1', 'MCM2', 'ORC1', 'POLD1', 'PELP1', 'PRMT1', 'CUL5', 'CDK9', 'RNF2', 'RPS27L', 'RPS27', 'WDR77', 'PRMT5', 'CUL7', 'RPS27A', 'RPS7', 'G3BP2', 'PAK1IP1', 'ZNF668', 'TRIP12', 'SMURF1', 'WWP2', 'WWOX', 'RFWD3', 'HDAC5', 'HUWE1', 'RPS3', 'MAP4', 'MCM6', 'USP36', 'CDC5L', 'RBM15', 'SEPT2', 'CDK2AP2', 'VHL', 'RAD21', 'NDRG1', 'HDGF', 'RPS14', 'EWSR1', 'TRA2B', 'MCM5', 'TGFB2', 'SFPQ', 'POLR1E', 'RANBP2', 'TTF1', 'MCM7', 'ANKRA2', 'SIRT7', 'HIST3H2BB', 'FBXO25', 'CRBN', 'HNRNPK', 'CUL3', 'CUL4B', 'CUL2', 'NOP16', 'CAND1', 'RPS25', 'LMNA', 'CDKN2AIP', 'DCD', 'TUBB', 'TUBB2A', 'KRT14', 'RPS20', 'LMNB1', 'AGO2', 'EIF4A1', 'TOMM34', 'GRK5', 'HSPA9', 'HNRNPD', 'SYNCRIP', 'TPR', 'HP1BP3', 'BCAS2', 'NCSTN', 'UBL4A', 'MYBBP1A', 'DHX29', 'NEDD8', 'ACAT1', 'DEK', 'ILF3', 'ILF2', 'NOLC1', 'MRPS26', 'SNRNP70', 'SRSF2', 'LRPPRC', 'UBA52', 'CPSF7', 'MAGOH', 'EIF4A3', 'AIMP1', 'FN1', 'VCAM1', 'POLR2E', 'KRT1', 'KRT9', 'ANP32B', 'C1QBP', 'NIPSNAP1', 'CPE', 'ORC4', 'CDC45', 'CDC7', 'ITGA4', 'SLC25A5', 'RPL7', 'RPS4X', 'GTF3C1', 'CLK2', 'PAN2', 'IGSF8', 'CD81', 'GEMIN5', 'CYLD', 'RPS26', 'IPO5', 'NUP62', 'RPL37', 'RPS15', 'MRPS31', 'HNRNPU', 'RPS9', 'RBMX', 'KPNA2', 'SEMA4A', 'U2AF1', 'NACA', 'RPL13A', 'GLUD1', 'LAMB2', 'HNRNPM', 'RPLP2', 'RPL30', 'POLR1B', 'SNRPD3', 'SCAF11', 'ANKRD17', 'SCAF1', 'SRRT', 'MRPS6', 'MRPL48', 'SREK1', 'NAP1L1', 'CDK11A', 'SRPK3', 'DHX33', 'SRPK2', 'SRPK1', 'FBXO6', 'TARDBP', 'RPL6', 'SNRPA', 'SNRPB', 'RUVBL2', 'EEF2', 'ACLY', 'FASN', 'LUC7L2', 'IVNS1ABP', 'NOC2L', 'HNRNPL', 'RPA3', 'RPA1', 'ADARB1', 'DGCR8', 'PRKRA', 'STAU1', 'DHX9', 'EDC4', 'HRNR', 'IARS', 'IFI16', 'IGF2BP3', 'KARS', 'CCAR2', 'RARS', 'SF3B1', 'CEP57', 'ALYREF', 'YBX1', 'PLEKHO1', 'FUS', 'RPS6', 'NUDT1', 'ZBTB1', 'UBE2M', 'CDX1', 'PTBP1', 'U2AF2', 'KRT2', 'EIF3B', 'DCAF8', 'EFTUD2', 'IPO7', 'SF3B3', 'OBSL1', 'CCDC8', 'SUZ12', 'EED', 'BMI1', 'DRG1', 'LRRC59', 'RPS21', 'SUB1', 'CCT2', 'CCT3', 'CCT4', 'CCT6A', 'CCT8', 'NUP98', 'TCP1', 'PCBP2', 'ARL6IP4', 'RPL10A', 'RPL14', 'AAAS', 'EIF2B2', 'FAM120A', 'CMSS1', 'NIFK', 'ZC3H3', 'PRR11', 'RBM4B', 'DDX6', 'RPL22L1', 'RPS6KB2', 'HNRNPA1', 'EIF4B', 'NUP214', 'DDX10', 'RRP15', 'SRP72', 'WDR12', 'DDX1', 'HNRNPAB', 'HNRNPH1', 'LARS', 'OLA1', 'PRPF40A', 'SF1', 'SSB', 'YTHDC2', 'NUFIP2', 'CASC3', 'RPS23', 'SRSF11', 'CLK1', 'CTSC', 'TUBG1', 'ARMC6', 'TMPO', 'TCOF1', 'WDR46', 'NOP56', 'RPL10', 'CBX8', 'TAF1D', 'PRR3', 'MALSU1', 'PTGR2', 'LRWD1', 'ORC2', 'SMARCA5', 'DARS', 'BMS1', 'TRMT1L', 'DDX52', 'DNAJC9', 'PES1', 'PRPF8', 'QARS', 'SART1', 'SMC2', 'SNRNP200', 'SNW1', 'POU5F1', 'NAT10', 'RPL23A', 'RPL4', 'DDX42', 'NUCKS1', 'RPL36A', 'RPL15', 'AHSA1', 'RSL1D1', 'KPNA1', 'MSI2', 'ZNF746', 'SEPT7', 'DDX3X', 'EEF1D', 'EIF2S3', 'EIF4G1', 'EIF4G2', 'EIF3E', 'PFKP', 'RANGAP1', 'RPL7A', 'RPL24', 'RPL29', 'RPL34', 'RPL36AL', 'RPS2', 'TTN', 'EIF4H', 'DDX39B', 'RUVBL1', 'H1FX', 'CKAP5', 'TXNDC9', 'EBNA1BP2', 'ATXN2L', 'STK38', 'PDAP1', 'PUF60', 'LARP1', 'NGDN', 'SERBP1', 'ARGLU1', 'ZC3HAV1', 'AHNAK', 'VASN', 'PPP6C', 'CDC14B', 'FGF8', 'RRP8', 'PDGFB', 'CCDC59', 'TTLL9', 'CCT6B', 'RBM34', 'RPL18A', 'RBM4', 'SF3A3', 'HIST1H1T', 'DDX31', 'ZNF2', 'GTPBP2', 'MRPL38', 'RPS11', 'RPL18', 'ZNF512', 'ZBTB48', 'HIST1H2BJ', 'MAK16', 'BHLHA15', 'ZNF692', 'PPAN', 'RPL37A', 'FGF3', 'IL7R', 'FOXA1', 'CEP76', 'CENPA', 'PTP4A3', 'HEY1', 'HSP90AB2P', 'PHACTR3', 'DHX36', 'FLNC', 'ORC5', 'SNRPD1', 'RBM8A', 'CCT5', 'MATR3', 'PRPSAP1', 'SMNDC1', 'RPL32', 'RPL21', 'SMC3', 'E2F7', 'PABPC1', 'RPL36', 'HNRNPDL', 'FAM98B', 'MARS', 'RPS13', 'RPL38', 'TUBA4A', 'PRPF6', 'RBM14', 'HNRNPR', 'CCT7', 'DNAJA1', 'TUBA1B', 'MKI67', 'SRSF5', 'CWC15', 'GNL2', 'YBX3', 'RTCB', 'RPS19', 'HSPA1B', 'RBM3', 'RPL27A', 'RPS17', 'PRRC2C', 'PHF3']",0.9988255123115816
9,MCL,9,1,10,{'CDKN2A'},"['CDKN2A', 'HIST3H2BB', 'MYCN', 'SLC4A1', 'TDRD7', 'CRELD2', 'GABPB1', 'WNT7A', 'HLA-DOB', 'ZUFSP']",0.2207540546052744
30,MCL,30,1,11,{'CPS1'},"['CPS1', 'ARHGEF26', 'KIRREL2', 'RARS2', 'FOXF1', 'SIRT3', 'DEFB121', 'ACSM5', 'TMEM70', 'OTC', 'IARS2']",0.2399828256195401
6,MCL,6,1,14,{'ABL1'},"['ABL1', 'ABL2', 'GPX1', 'SLC9A2', 'ZDHHC16', 'SPTA1', 'TUB', 'EPHB2', 'RASA1', 'SHD', 'SPRR2A', 'MSH5', 'DOK3', 'OLIG1']",0.2949017749696456
14,MCL,14,1,14,{'EFNB2'},"['EPHA5', 'EFNB2', 'EPHA3', 'EFNB1', 'EPHB3', 'DIP2B', 'PLEKHH3', 'SBF1', 'HPS3', 'PLEKHG4', 'MTMR1', 'THBS3', 'TEX2', 'NUS1']",0.2949017749696456
24,MCL,24,4,113,"{'PRICKLE2', 'NOP16', 'HIGD2A', 'GJB1'}","['UPF3A', 'MYCBP', 'RBM48', 'SH3BP5', 'HERC5', 'PRKD1', 'PSEN1', 'GJB1', 'DUSP1', 'OCLN', 'MAPK8IP3', 'DUSP4', 'ELK1', 'UBE2Z', 'PCBD2', 'PABPC3', 'TTPA', 'USP9X', 'PAK1IP1', 'NEDD4L', 'MARK3', 'GORAB', 'BMPR2', 'CCDC88C', 'TGFB2', 'VPS72', 'CNST', 'NOP16', 'DHRS2', 'LRRK1', 'PFKFB1', 'NOS3', 'APP', 'HIGD2A', 'PRICKLE2', 'CDC7', 'SMG5', 'CAMK1', 'MRPS31', 'BCKDK', 'GSDMB', 'SOX5', 'LPL', 'CAPNS1', 'WT1', 'MRPS6', 'BCL11A', 'CLSTN1', 'CELF2', 'SRPK1', 'ACACA', 'NUDT1', 'PADI4', 'MEOX1', 'RAD54B', 'HMBOX1', 'EFHC2', 'KLF4', 'PPM1A', 'CAMKK1', 'CKAP4', 'ARL6IP4', 'EPHB4', 'RETSAT', 'CACNG2', 'HBD', 'PPM1B', 'KCNAB3', 'PSEN2', 'ALDH6A1', 'SERPINA1', 'AHCY', 'ADH5', 'CLIC3', 'DDX10', 'DUT', 'ILKAP', 'NAA25', 'NUDT9', 'PAK4', 'RSU1', 'BRWD1', 'NXT2', 'OSGIN1', 'ANGPTL4', 'CCL5', 'SNCB', 'SRR', 'ICAM5', 'PBXIP1', 'EPHA2', 'GOLGA3', 'HCFC1', 'NOTCH3', 'PTPRJ', 'SLK', 'SCYL1', 'CDCA3', 'FMNL2', 'DUSP12', 'YBEY', 'KLK5', 'PCDHB11', 'NIT1', 'PCDHGA5', 'EHF', 'DHPS', 'ZGRF1', 'SIX2', 'PHPT1', 'TMCC2', 'CDKN2B', 'ABR']",0.30194756621901503
27,MCL,27,1,15,{'VEGFA'},"['VEGFA', 'PGF', 'NRP1', 'SPARC', 'LYVE1', 'FLT1', 'PRRG4', 'RBBP8', 'NXPH2', 'VEGFB', 'UBIAD1', 'PTPRB', 'PTPRZ1', 'PDGFB', 'NRP2']",0.3123223611348126
4,MCL,4,1,15,{'MAPK8'},"['MAPK8', 'BID', 'SPIB', 'MAP2K4', 'NFE2', 'ZNF605', 'SCAND1', 'STAB2', 'BMF', 'JKAMP', 'NFATC3', 'VRK2', 'MAPK10', 'CAMP', 'CTSC']",0.3123223611348126
11,MCL,11,1,16,{'MAPK9'},"['MAPK9', 'ZBTB25', 'PYHIN1', 'PBX1', 'MAP3K10', 'SMCO3', 'LRRC15', 'DSG4', 'FBXL4', 'RAB11B', 'CCDC120', 'LRRC56', 'ZNF414', 'C5orf24', 'MRPL38', 'TCHP']",0.3293177924301398
26,MCL,26,1,17,{'IGFBP1'},"['ADAMTS1', 'PLAT', 'IGFBP1', 'LAMA1', 'ADAM17', 'SUSD5', 'SERPINA12', 'ZNF696', 'TIMP1', 'PLXDC2', 'ZNF664', 'SMOC1', 'GTPBP2', 'LMF2', 'TIMP3', 'CD59', 'NDST2']",0.34589831672247795
10,MCL,10,1,20,{'STAT5A'},"['STAT5A', 'MAGEA12', 'SOCS7', 'CYP2C9', 'AQP11', 'UGT2B4', 'ZNF596', 'WASH2P', 'LEF1', 'DLAT', 'NARF', 'PDHB', 'PDHX', 'GDF15', 'KRT87P', 'CTLA4', 'STAT5B', 'FOXD4', 'PDK2', 'PDK3']",0.39324930161304894
2,MCL,2,1,22,{'IFT88'},"['IFT88', 'IFT81', 'IFT46', 'TRAF3IP1', 'CORO1A', 'IFT57', 'CCDC151', 'IFT80', 'LCA5', 'UBXN10', 'TTC30A', 'TTC30B', 'RHPN1', 'IFT172', 'IFT20', 'IFT74', 'IFT27', 'CLUAP1', 'HSPB11', 'TTC26', 'IFT22', 'IFT52']",0.4229192510492633
23,MCL,23,1,23,{'EXOSC2'},"['EXOSC2', 'EXOSC4', 'EXOSC7', 'DIS3', 'DIS3L', 'EXOSC3', 'EXOSC5', 'EXOSC9', 'AICDA', 'GALNT13', 'ST6GALNAC1', 'EXOSC8', 'EXOSC6', 'EXOSC10', 'EXOSC1', 'MPHOSPH6', 'PTGR2', 'ZFC3H1', 'C1D', 'LUM', 'RSRC1', 'SLIT2', 'LRRC47']",0.4372122726968644
3,MCL,3,2,64,"{'EGF', 'IRS1'}","['IGF1R', 'IRS1', 'PTK2', 'INSR', 'DUSP10', 'ERBB4', 'EGFR', 'RET', 'BCR', 'ERBB2', 'EGF', 'FNBP1', 'RIN1', 'AKTIP', 'KDR', 'NUMB', 'FER', 'IL2RB', 'ERBB3', 'DOK1', 'GRB10', 'GHR', 'ELP2', 'CBL', 'BMX', 'CD247', 'EPOR', 'ALK', 'CBLB', 'ZFYVE28', 'AXL', 'PDGFRB', 'LTK', 'MUL1', 'CSF3R', 'STAM2', 'BTK', 'SH2B1', 'FGR', 'PIK3CB', 'DOK2', 'SESN2', 'SEC13', 'ERRFI1', 'BLK', 'SH2D1A', 'SYK', 'RAPGEF1', 'PPM1F', 'AATK', 'DHCR24', 'FRS3', 'AP1S2', 'PDGFRA', 'RRAD', 'ARHGAP29', 'SSH3', 'PEAK1', 'S1PR1', 'TEK', 'LCP2', 'ITGB3', 'PPM1M', 'ROR1']",0.4709041221271393
7,MCL,7,1,26,{'HRAS'},"['HRAS', 'GNA13', 'RGL4', 'RASIP1', 'RGL2', 'RHEB', 'RAP1A', 'GPSM2', 'PDE6D', 'PIK3CD', 'DGKZ', 'PAG1', 'PIK3CG', 'RGL1', 'KRAS', 'FAM213B', 'CXCL1', 'EFR3A', 'GPRIN1', 'PLA2G16', 'PLCXD2', 'C1QL4', 'DUS4L', 'HDHD2', 'NRAS', 'RGS12']",0.4780267955923919
29,MCL,29,1,27,{'PRKAA1'},"['CCNG1', 'PRKAA1', 'FNIP1', 'PRKAG1', 'PRKAB2', 'PRKAB1', 'PRKAA2', 'PRKAG2', 'ULK1', 'SIK1', 'BRSK1', 'SNRK', 'EPM2A', 'CPE', 'PLEKHA4', 'CDX4', 'RIMBP3', 'RFX6', 'TRAK2', 'DCLRE1C', 'PRKAG3', 'STIM2', 'PHKG2', 'CUTA', 'CCKBR', 'CEP57L1', 'KIF16B']",0.4909709544138475
22,MCL,22,1,28,{'CEBPA'},"['CEBPA', 'MSX2', 'TRIB3', 'JUNB', 'CEBPB', 'GATA3', 'ATF3', 'GRIN3A', 'ZNF45', 'NFATC4', 'SP110', 'AK5', 'FUT1', 'SRA1', 'EPAS1', 'BATF3', 'BATF2', 'BATF', 'ATF4', 'DBP', 'CEBPE', 'ATF5', 'FOSL1', 'CEBPG', 'NUCKS1', 'SLC9A1', 'CCDC183', 'DDIT3']",0.5035980315110782
15,MCL,15,1,35,{'SERPINB3'},"['SERPINB3', 'CTSK', 'CTSL', 'CTSS', 'PKP1', 'PPL', 'IRF2', 'SERPINB4', 'IGHG1', 'SERPINB5', 'ME1', 'IGKC', 'CALML5', 'KLK7', 'EVPL', 'GM2A', 'IVL', 'TRIM29', 'POF1B', 'SBSN', 'A2ML1', 'HAL', 'KLK10', 'SERPINB7', 'ACPP', 'CPA4', 'TGM1', 'CTSV', 'ALOX12B', 'FLG', 'PKD2L2', 'CALML3', 'TGM3', 'NCCRP1', 'ECM1']",0.5837311187267108
12,MCL,12,1,42,{'FTH1'},"['FTH1', 'ELL3', 'CDK10', 'NCOA4', 'LBP', 'MMRN1', 'SUSD3', 'GPR18', 'ASCC1', 'DDX19B', 'KIR3DS1', 'CCDC51', 'C16orf70', 'ZSCAN20', 'HESX1', 'ADD3', 'PI4KA', 'TBC1D22B', 'CAMK1D', 'ZNF232', 'ZKSCAN1', 'SDR16C5', 'SEMG2', 'SEMG1', 'TREX2', 'IL1RN', 'CDK15', 'PLBD1', 'ZIC1', 'TGM5', 'CST1', 'IL37', 'ASAH1', 'NPPA', 'UCP2', 'NPB', 'FCRL5', 'FCF1', 'C21orf59', 'CST4', 'RBM24', 'PDE4DIP']",0.6510640200153671
1,MCL,1,1,47,{'STAT3'},"['STAT3', 'JAK3', 'JAK1', 'SOCS1', 'JAK2', 'PIAS3', 'IFNAR1', 'TSHR', 'IL6ST', 'CCR5', 'HOXC11', 'STAT6', 'BCL3', 'NFKBIZ', 'SOCS3', 'ZFHX3', 'APPL1', 'HES1', 'HES5', 'SULT2A1', 'OGDHL', 'MORC4', 'SUPT20H', 'ETV5', 'IL22RA1', 'TBC1D15', 'NFKB2', 'PHF19', 'TYK2', 'TRPV5', 'CCDC87', 'GSTCD', 'PAQR7', 'RABGAP1', 'TM4SF19', 'ZNF829', 'NACAD', 'OFCC1', 'ZNF557', 'MNDA', 'STK11IP', 'ANKRD26P1', 'KIF27', 'RLIM', 'LRRC32', 'CSF2RB', 'RBM3']",0.6924557113005099
5,MCL,5,1,52,{'AKT1'},"['AKT1', 'PLXNA1', 'MAP2K1', 'TCL1A', 'MTCP1', 'CHUK', 'RPS6KB1', 'RPS6KA1', 'MAP3K11', 'PAX2', 'PPM1D', 'PLXNB1', 'TTC3', 'BPGM', 'DEAF1', 'WNK4', 'SH3RF1', 'KLHL2', 'TRHDE', 'PKN1', 'BCL10', 'CARD11', 'PREX1', 'NCF1', 'RGCC', 'PGAM2', 'CLIP3', 'L3MBTL3', 'ACAP1', 'AKT2', 'AKT3', 'BCAR3', 'S100A14', 'ST14', 'TFF1', 'SULT4A1', 'ZNF691', 'KIF18A', 'PYGO2', 'KLHL3', 'LTB4R2', 'NGB', 'GABBR2', 'RASD2', 'AGAP2', 'NOTCH2', 'SLC4A7', 'SGK1', 'NOL4', 'TRMT2B', 'PPTC7', 'SYTL1']",0.728991518281862
20,MCL,20,1,57,{'ERGIC3'},"['TNFRSF10B', 'ERGIC3', 'PAM', 'SIVA1', 'POM121C', 'RIC3', 'LMBR1', 'SPACA1', 'POMK', 'VSIG4', 'DPEP2', 'COX16', 'PXMP2', 'SLC30A9', 'FLVCR1', 'MFAP3', 'FAR2', 'ARV1', 'ABCB6', 'SLC38A10', 'SLC26A2', 'EXT1', 'TMEM246', 'STARD3', 'VMP1', 'ERGIC2', 'LMBRD2', 'TMEM184B', 'TMEM223', 'CHPT1', 'GK', 'NDC1', 'PIGU', 'BDH1', 'SFXN5', 'WRB', 'TMEM186', 'PAM16', 'YIPF3', 'SLC16A13', 'SLC25A46', 'SGPP1', 'BSCL2', 'DOLK', 'MTFP1', 'ALG3', 'SLC1A5', 'TMCO3', 'ZFPL1', 'SLC22A6', 'SPPL2B', 'C3AR1', 'OPRM1', 'TNFSF9', 'CHRND', 'SLC39A8', 'TRAPPC5']",0.7612347446802337
17,MCL,17,1,95,{'MDM2'},"['AR', 'MDM2', 'PML', 'E2F1', 'MYOD1', 'MDM4', 'TAF1', 'RASSF1', 'RASSF5', 'PAX6', 'RBX1', 'FOXO1', 'MTBP', 'RRM2B', 'FOXO4', 'DAXX', 'DHFR', 'UBE2G2', 'HIST3H3', 'SET', 'DNMT1', 'NFKBIA', 'RCHY1', 'STK4', 'SKP2', 'TRIP12', 'RUNX3', 'TBRG1', 'HEXIM1', 'FOXO3', 'S100A1', 'S100A2', 'S100A6', 'S100B', 'SNAI1', 'SETD7', 'MYB', 'RUNX2', 'RASSF3', 'TCAP', 'ARIH2', 'ANG', 'PDCD5', 'ERCC6', 'ERCC8', 'STK3', 'UBE2L3', 'PRDX1', 'EGR1', 'IRF1', 'TRIM4', 'TRIM23', 'PHF7', 'RNF10', 'HLA-DMB', 'BRINP1', 'SDHC', 'GCAT', 'RASSF6', 'CWC25', 'ZNF133', 'USP26', 'SNAI2', 'RBM38', 'FHIT', 'PER2', 'TRIM50', 'HEXIM2', 'INO80E', 'IYD', 'KAT6A', 'DIRAS3', 'RFPL2', 'DTX3', 'RNF166', 'RPL22L1', 'KDM3A', 'ELF4', 'RTFDC1', 'YTHDC2', 'FAM208B', 'FAM117B', 'TDG', 'MALSU1', 'RRM1', 'NPIPB3', 'HMGN1', 'PRDM2', 'KIAA1551', 'SHANK2', 'TMEM184A', 'ARNTL2', 'ZNF274', 'MAP1B', 'WIZ']",0.9094245459274528
13,MCL,13,2,186,"{'CHN2', 'CCDC134'}","['CHTF8', 'WDR62', 'TCERG1', 'ARHGDIA', 'BRAF', 'SERTAD1', 'RALGDS', 'NR3C1', 'THRA', 'BLMH', 'CHN2', 'GOLM1', 'SHOC2', 'TBP', 'MAP3K1', 'LRPAP1', 'CARHSP1', 'EVL', 'GPC1', 'ANXA1', 'NUMA1', 'TOB1', 'SYNE2', 'MAP3K2', 'TROAP', 'OTUB1', 'RPL26', 'GNAS', 'USP53', 'USP32', 'PARP1', 'SS18L1', 'SP1', 'HIST2H2BE', 'VDR', 'RNF8', 'ANP32E', 'SLC25A6', 'PRMT1', 'CCDC134', 'USP10', 'BIN1', 'SIK2', 'BRSK2', 'UBE4B', 'UHRF2', 'RICTOR', 'USP36', 'BAG1', 'RFWD2', 'CSNK1A1', 'COMMD1', 'DNAJB1', 'PI4K2B', 'PDE4D', 'RFFL', 'PGAM1', 'AKAP9', 'TTF1', 'ANKRA2', 'GGA1', 'BRAP', 'RNF115', 'CRTC2', 'DAPK3', 'MAPT', 'DNAJB11', 'MECP2', 'CPT1A', 'TBL2', 'NOLC1', 'CORO1C', 'LRPPRC', 'WDR6', 'ELK4', 'ACADVL', 'DAB2', 'DAB2IP', 'YY1AP1', 'RPL37', 'VPS35', 'PTGDS', 'RPL30', 'POLR1B', 'SNX13', 'RYR2', 'DHX33', 'CSTF2', 'BRD4', 'ADARB1', 'PRKRA', 'ZNF318', 'RHOG', 'HIC1', 'CEP57', 'ITPR3', 'GATA2', 'MLST8', 'ZBTB1', 'SNX17', 'PDE3A', 'AKT1S1', 'SURF2', 'CMSS1', 'TRMT61A', 'ZC3H3', 'RDH12', 'ANTXR1', 'RBM4B', 'ATE1', 'EDC3', 'CLPTM1', 'SLC25A17', 'CCDC94', 'ATP5B', 'ALDOC', 'CHTF18', 'KLF15', 'AGR3', 'EPSTI1', 'IL24', 'MRC2', 'RASL10B', 'THRSP', 'BCAS3', 'KLK9', 'BLID', 'GREB1', 'TCTN1', 'RANBP9', 'AP4M1', 'DNAJC7', 'RNASEH2B', 'PARD6B', 'MMGT1', 'PRC1', 'ASXL2', 'FBXL2', 'ARMC7', 'SHARPIN', 'FKBP1A', 'MAGEC2', 'MSI2', 'CALD1', 'CNN2', 'STAT2', 'TRIM25', 'GIPC1', 'EHD1', 'PDAP1', 'LIMCH1', 'PDXDC1', 'SCRIB', 'TMOD3', 'ZC3HAV1', 'SHROOM3', 'VASN', 'PTPRS', 'CDC14B', 'CHN1', 'ZNF785', 'TRIM33', 'CASP14', 'HOXC10', 'RBM4', 'HIST1H1T', 'TSPYL6', 'BHLHA15', 'USP46', 'FOXA1', 'CEP76', 'RBM26', 'ZNF687', 'PPP2R5C', 'TADA3', 'DHX36', 'RBM8A', 'HNRNPDL', 'UBA1', 'ARID1A', 'ROBO1', 'PJA1', 'KMT2B', 'ERLIN1', 'YEATS2', 'PHF3']",0.9493585611403796
8,MCL,8,2,511,"{'ZBTB20', 'CDH1'}","['CDH1', 'CTNND1', 'CBLL1', 'FLNA', 'PPP1R9B', 'STRAP', 'ACTG1', 'NOL3', 'FXR2', 'YWHAQ', 'CTNNB1', 'MET', 'VCL', 'FASLG', 'ITGAE', 'CTNNA1', 'JUP', 'ABI2', 'BCAR1', 'SFN', 'CDH3', 'GNA12', 'RASGRF1', 'ABLIM3', 'ERGIC1', 'RGS2', 'AJAP1', 'LIMK1', 'ABI1', 'RAB8B', 'ACTN1', 'SOS1', 'PKP4', 'ARHGEF1', 'SHMT1', 'YWHAZ', 'TIAM1', 'ST5', 'MYO7A', 'VEZT', 'KHDRBS1', 'CDC42', 'MAGI1', 'PPP1R12B', 'PPP1R12A', 'YWHAE', 'SMAD7', 'MAPKAP1', 'AXIN1', 'SPTAN1', 'ARHGAP17', 'ARPC2', 'PSTPIP1', 'CLTC', 'YWHAH', 'PRKCZ', 'TCL1B', 'PRKCD', 'YWHAB', 'NF1', 'SORBS2', 'GAB2', 'SH3BP1', 'TSG101', 'ROCK1', 'AFAP1', 'PAK2', 'IQGAP1', 'ARFIP2', 'MICAL1', 'PRKCE', 'KRT18', 'NCK2', 'MARK2', 'USP8', 'ADAM9', 'PACSIN1', 'MACF1', 'SPTBN1', 'RPGRIP1', 'ZBTB20', 'CDKL5', 'CDC25B', 'FBXO31', 'CLTA', 'AMPH', 'MAGI3', 'MARK1', 'NKD2', 'BAIAP2L1', 'TJP1', 'PDLIM7', 'MPP2', 'ITSN2', 'SH3KBP1', 'CD2AP', 'RANBP1', 'LATS1', 'EEA1', 'ITCH', 'PPP1CA', 'PPP1CB', 'PPP1CC', 'HERC1', 'CD99', 'NPHP1', 'WAS', 'SNX9', 'LATS2', 'MED1', 'CASP3', 'GSN', 'XIAP', 'GGA3', 'PPP1R13B', 'LRRK2', 'CTTN', 'NSF', 'YWHAG', 'PPIA', 'AP2M1', 'EPS15', 'AP2B1', 'BMP2K', 'REPS1', 'STON2', 'AP2A1', 'WASF1', 'ATP6V1B1', 'SLC9A3R2', 'STIM1', 'DBN1', 'ZYX', 'EPB41L1', 'CDH2', 'SEC22B', 'IGBP1', 'ANXA3', 'MYH9', 'STX7', 'DCP1A', 'PAK6', 'SIAH1', 'SIAH2', 'PTPRU', 'PKMYT1', 'ACTN4', 'CDC25C', 'IPO11', 'CAPZA1', 'PLEC', 'RAPH1', 'CCDC88A', 'TRIM9', 'LMO7', 'MYL3', 'AMBP', 'LPXN', 'CYHR1', 'CEP120', 'CDK11A', 'SRPK2', 'JADE1', 'BRK1', 'NCKAP1', 'TBCD', 'SUGT1', 'NBR1', 'PIP5K1C', 'NTRK3', 'CIAO1', 'PDZK1', 'AGPS', 'NAV1', 'NAV2', 'MAPRE1', 'BEND7', 'HOMEZ', 'UBXN11', 'SSX2IP', 'TXNIP', 'USO1', 'PYCARD', 'FAM110C', 'CDON', 'DDR1', 'DDR2', 'MAST3', 'SLC25A41', 'TBC1D10B', 'MAP7D2', 'SAAL1', 'DNM3', 'MAP7D3', 'MED16', 'PKP2', 'FAM171A2', 'TIGD5', 'HOXB5', 'MED13', 'MED12', 'MED23', 'MED24', 'MED14', 'MED4', 'MED17', 'MED15', 'TMEM185A', 'SH3GLB1', 'TMEM87A', 'PKP3', 'PICK1', 'MYO6', 'RASSF9', 'RASSF10', 'SLC9A3R1', 'RAB8A', 'ARHGAP1', 'ATL3', 'PPA2', 'DBNL', 'GOSR2', 'TPD52', 'GTF2E2', 'VPS39', 'DTNA', 'MPP5', 'PRKCB', 'AHI1', 'CNTROB', 'RPGRIP1L', 'SCLT1', 'STIL', 'TMEM17', 'TMEM216', 'TMEM67', 'CENPJ', 'BCL7A', 'MYO1C', 'CAPZA2', 'RAB7A', 'ACTR2', 'SYNPO', 'LIMA1', 'ANLN', 'MYO19', 'MYO18A', 'ARMC6', 'ADD1', 'TJP2', 'ACTR3', 'GAK', 'GTSE1', 'TXNL4A', 'CRTC3', 'RABL3', 'TRIM15', 'LRRFIP2', 'RHOU', 'MAP2', 'RPL36A', 'FAM129B', 'ADCY9', 'ARHGAP5', 'ARHGDIB', 'ARVCF', 'DST', 'CAPS', 'CAST', 'CAPZB', 'SCARB1', 'CNN3', 'COL17A1', 'CTNNA2', 'CXADR', 'DAG1', 'DSC3', 'DSG2', 'EPB41', 'GOLGB1', 'AGFG1', 'IGF2R', 'ITGA6', 'ITGB1', 'KCNN4', 'LAD1', 'ABLIM1', 'LPP', 'MYO1B', 'NHS', 'PCDH1', 'PLCB3', 'PXN', 'RDX', 'S100A11', 'SH3GL1', 'SLC12A2', 'SNAP25', 'SNX1', 'SNX2', 'SPAG1', 'SPRR3', 'SPTBN2', 'SSFA2', 'STX4', 'SVIL', 'TLN1', 'TP53BP2', 'VASP', 'ZNF185', 'SLC30A1', 'LUZP1', 'PICALM', 'PPFIBP1', 'SNAP23', 'SCEL', 'SYNJ1', 'SYNJ2', 'GPRC5A', 'SYT7', 'SLC16A3', 'PDLIM1', 'DLG5', 'NUMBL', 'TRIP11', 'VAMP3', 'SNAP29', 'N4BP1', 'CLINT1', 'BZW1', 'USP6NL', 'PHACTR2', 'ZFYVE16', 'CKAP5', 'IST1', 'CCS', 'WASF2', 'INADL', 'PLIN3', 'PGRMC2', 'SEC24B', 'BAIAP2', 'NEBL', 'PDLIM5', 'NUDC', 'SEPT9', 'PPP1R13L', 'CDC42EP1', 'NUDT5', 'AKAP2', 'PACSIN2', 'STK38', 'EXOC3', 'COBLL1', 'AAK1', 'PLEKHA6', 'EPN2', 'DAAM1', 'SWAP70', 'SIPA1L3', 'MPRIP', 'EHBP1', 'DOCK9', 'ARHGEF12', 'SRGAP2', 'CDC42EP4', 'TMEM2', 'ZDHHC5', 'CHMP2B', 'GIGYF2', 'RAI14', 'TES', 'ELP4', 'SNX5', 'ARHGEF16', 'STXBP6', 'EHD4', 'MINK1', 'ASAP1', 'CHMP5', 'LSR', 'PLEKHA5', 'EPB41L4B', 'CC2D1A', 'EPS8L1', 'FNBP1L', 'EPN3', 'TMEM51', 'FERMT1', 'DENND4C', 'SCYL2', 'UBAP2', 'UBFD1', 'PARD3', 'SH3GLB2', 'PLSCR3', 'CORO1B', 'TTC7A', 'NHSL1', 'NDRG2', 'ESYT2', 'MKL2', 'CASKIN2', 'CGN', 'LRRC7', 'ARHGAP21', 'ARHGAP23', 'KIAA1522', 'PLEKHA1', 'PLEKHA2', 'ACBD3', 'EPS8L2', 'PHACTR4', 'EFHD2', 'CLMN', 'VCPIP1', 'PLEKHO2', 'SRCIN1', 'SLC38A1', 'DIAPH3', 'FAM110A', 'TBC1D10A', 'ELMOD3', 'ARFGAP2', 'C1orf198', 'MICALL1', 'KIAA1671', 'TANC1', 'PHLDB2', 'SPECC1', 'ARHGAP18', 'SYAP1', 'ELFN2', 'CANT1', 'USP43', 'CCDC43', 'CHMP4B', 'MPP7', 'PLEKHA7', 'SLC2A14', 'WIPF2', 'VSIG10L', 'PROM2', 'MB21D2', 'SH3D19', 'MARVELD2', 'FAM84B', 'FAM91A1', 'FAM171B', 'FAM83B', 'EHBP1L1', 'LRRC57', 'PPP1R37', 'FAM126B', 'SH3PXD2B', 'CCDC85C', 'FMN1', 'PALM3', 'MACC1', 'GOLGA8B', 'C6orf132', 'RELL1', 'STX5', 'KDF1', 'CCSER2', 'AGTR1', 'TPTE', 'DUSP22', 'DTNBP1', 'LMAN2L', 'CTNNA3', 'FRMD1', 'RGS3', 'CCDC40', 'IL20RA', 'CLPB', 'PROZ', 'CYP2S1', 'ATG3', 'MED21', 'PCDHGC3', 'CPM', 'GJB7', 'ACAD9', 'VAMP2', 'COBL', 'ZNF764', 'DLK2', 'TMEM9B', 'SDC1', 'CBY1', 'MTNR1B', 'ANAPC15', 'ASPRV1', 'VAMP1', 'PPP1R3C', 'PTPRM', 'PRKCI', 'TRIB1', 'SSH1', 'PKD1', 'ARF6', 'ENAH', 'PACSIN3', 'MAP4K4', 'MAP1LC3B', 'WASL', 'TGOLN2', 'ARHGEF6', 'KIAA1549', 'CACHD1']",0.999984358607016
0,MCL,0,1,894,{'ALDH4A1'},"['RPA2', 'ESR1', 'PRRC2A', 'NTRK1', 'SF3B4', 'EIF4E', 'HSPA4L', 'TAGLN', 'CLN5', 'TRIP10', 'BRCA1', 'EZR', 'MSN', 'CSE1L', 'ATF2', 'MDC1', 'YTHDC1', 'KHSRP', 'CCND2', 'HSPH1', 'AKAP8', 'RPL11', 'RPL5', 'TXNDC17', 'CA9', 'UPF1', 'UPF2', 'MYC', 'NDUFA13', 'UBE2A', 'ANXA2', 'FKBP2', 'HIF1A', 'TGM2', 'SMARCA2', 'EID1', 'CSNK2A1', 'XPNPEP1', 'NOL12', 'PNO1', 'RPS3A', 'CRMP1', 'BRD7', 'EEF1G', 'EIF6', 'IRAK1', 'STAT1', 'CAP1', 'IMPDH2', 'E4F1', 'INPPL1', 'PRKDC', 'CDKN1C', 'ARRB2', 'CDKN1B', 'RAD9A', 'TERF1', 'SNCA', 'KRT10', 'BRCA2', 'PTPN2', 'MAP3K5', 'TERT', 'SNX6', 'GTF2I', 'RFC1', 'PTPRF', 'DUSP16', 'NR4A1', 'CFTR', 'PCNA', 'SND1', 'ARRB1', 'NISCH', 'HSPE1', 'ILK', 'PKN2', 'NFATC1', 'CDKN1A', 'LIMK2', 'HNF1A', 'PDIA3', 'EIF2AK2', 'RYBP', 'RAN', 'TPI1', 'TNNT1', 'CDK2', 'LGALS1', 'KRT17', 'PNN', 'SORBS1', 'UBTF', 'FKBP3', 'NPM1', 'SNRPE', 'GNL3', 'CCAR1', 'FBXW5', 'PSMD10', 'PSME3', 'NF2', 'COPS5', 'TOP1', 'CTR9', 'MEPCE', 'COPS7A', 'COPS3', 'CUL1', 'CUL4A', 'PSMD1', 'PSMC5', 'CHEK2', 'NCL', 'CLN3', 'DDA1', 'EIF5B', 'SUPT16H', 'PA2G4', 'G3BP1', 'FMR1', 'RPL35', 'DDX17', 'ING1', 'H2AFX', 'MAX', 'SLC25A11', 'MRTO4', 'CHD1', 'RPL23', 'HDAC9', 'SMARCB1', 'SMARCC1', 'SMARCC2', 'RAD23A', 'SAP25', 'HNF4A', 'SMC1A', 'MCM3', 'MSH2', 'DDX5', 'DDX24', 'USP19', 'PSME2', 'PSMD9', 'CDK12', 'PRPF4', 'KPNB1', 'HNRNPA2B1', 'HNRNPC', 'RPS15A', 'RPLP1', 'EIF3H', 'EEF1A1', 'EEF1B2', 'SLC25A4', 'PKM', 'FBL', 'TUBB4B', 'TUBA1C', 'VIM', 'SRP9', 'SSRP1', 'MCM2', 'ORC1', 'POLD1', 'EZH2', 'PELP1', 'TOPBP1', 'NOTCH1', 'CARM1', 'CUL5', 'CDK9', 'NFATC2', 'CCNE1', 'RNF2', 'RPS27L', 'RPS27', 'TADA2A', 'WDR77', 'PRMT5', 'SKP1', 'CUL7', 'RPS27A', 'RPS7', 'G3BP2', 'PSMD2', 'ZNF668', 'CDC20', 'PSMC1', 'PSMD4', 'PSMC6', 'PSMA7', 'APEX1', 'UCHL5', 'SMURF1', 'WWP2', 'WWOX', 'TUBA1A', 'VCP', 'MARK4', 'CD4', 'RFWD3', 'HDAC5', 'HUWE1', 'DYRK2', 'RPS3', 'TRIM13', 'MAP4', 'MCM6', 'UCHL1', 'USP42', 'ABCB1', 'CDC5L', 'ASXL1', 'SENP3', 'PSMA3', 'DUSP8', 'PNRC1', 'GAPDH', 'SEPT2', 'FAF1', 'PHLPP1', 'VHL', 'RAD21', 'NDRG1', 'HDGF', 'RPS14', 'TRA2B', 'MCM5', 'SFPQ', 'NAA16', 'CAPN2', 'POLR1E', 'RANBP2', 'MCM7', 'PSMB6', 'PSMA8', 'KAT8', 'SIRT7', 'PSMA6', 'PSMA4', 'PSMD11', 'PDCD6IP', 'WRNIP1', 'BHLHE40', 'UBE2B', 'CD44', 'MFN2', 'ISG15', 'FBXO25', 'WRN', 'RAD50', 'NBN', 'CRBN', 'DTL', 'USP4', 'AATF', 'HNRNPK', 'BUB1B', 'FLNB', 'CUL3', 'CUL4B', 'CUL2', 'CAND1', 'POLH', 'RPS25', 'CCNC', 'CDKN2AIP', 'IBTK', 'DCD', 'TUBB', 'TUBB2A', 'KRT14', 'RPS20', 'PCGF2', 'LMNB1', 'SREBF1', 'EMD', 'NME2', 'AGO2', 'CAMK2A', 'ENO2', 'CKB', 'HK1', 'ATP1A1', 'ENO1', 'MDH1', 'LDHA', 'ALDOA', 'EIF4A1', 'PSMB4', 'TOMM34', 'GRK5', 'DAPK1', 'SKI', 'HSPA9', 'TPM2', 'HNRNPD', 'PSMC4', 'MAP2K2', 'ALDH4A1', 'SYNCRIP', 'MYH10', 'TPR', 'HP1BP3', 'BCAS2', 'NCSTN', 'HSD17B4', 'UBL4A', 'MYBBP1A', 'ZC3H11A', 'PCMT1', 'DHX29', 'SOD1', 'NEDD8', 'ACAT1', 'PSMB2', 'DEK', 'SERPINH1', 'NABP2', 'ILF3', 'ILF2', 'TELO2', 'MRPS26', 'HMGCS1', 'SNRNP70', 'TXN2', 'SRSF2', 'UBA52', 'PCBP1', 'DCTN2', 'CPSF7', 'UQCRC2', 'PSMC2', 'HSF1', 'BARD1', 'ECT2', 'LIG4', 'IRF3', 'MAGOH', 'EIF4A3', 'AIMP1', 'FN1', 'VCAM1', 'RAD17', 'POLR2E', 'KRT1', 'KRT9', 'ANP32B', 'C1QBP', 'NIPSNAP1', 'IQCB1', 'NOS2', 'ORC4', 'MCM10', 'GMNN', 'CDC45', 'MLH1', 'METTL22', 'ITGA4', 'SLC25A5', 'RPL7', 'VDAC2', 'RPS4X', 'CLK2', 'PAN2', 'IGSF8', 'CD81', 'GEMIN5', 'CYLD', 'HDAC8', 'RPS26', 'IPO5', 'NUP62', 'TBC1D4', 'RPS15', 'RNF126', 'BICD1', 'HNRNPU', 'RPS9', 'RBMX', 'KPNA2', 'HLA-A', 'SSU72', 'U2AF1', 'NACA', 'RPL13A', 'GARS', 'GFPT1', 'GLUD1', 'MKNK2', 'LAMB2', 'HNRNPM', 'RPLP2', 'SNRPD3', 'SCAF11', 'HELZ', 'LMAN2', 'DNAJB4', 'GANAB', 'SCAF1', 'SRRT', 'POLR2G', 'DERL1', 'ARAF', 'ELMO1', 'MRPL48', 'SREK1', 'HSP90B1', 'NAP1L1', 'HIPK4', 'SRPK3', 'FBXO6', 'TARDBP', 'RPL6', 'SNRPA', 'SNRPB', 'RUVBL2', 'PDCD6', 'MYL12A', 'MTR', 'EEF2', 'ACLY', 'FASN', 'LUC7L2', 'MTAP', 'IVNS1ABP', 'PUS7', 'PPARGC1A', 'NOC2L', 'HNRNPL', 'RPA3', 'RPA1', 'XPC', 'ASB1', 'ASB12', 'ASB15', 'ASB16', 'DGCR8', 'UCHL3', 'STAU1', 'NTRK2', 'ALDH16A1', 'DHX9', 'EDC4', 'ESYT1', 'HRNR', 'IARS', 'IFI16', 'IGF2BP3', 'KARS', 'CCAR2', 'NEK9', 'OGDH', 'RARS', 'RECQL', 'SF3B1', 'SPRTN', 'AURKB', 'MAP3K3', 'SIRT6', 'YAP1', 'ALYREF', 'YBX1', 'METTL1', 'GTF2F1', 'PLEKHO1', 'FUS', 'RPS6', 'PHC2', 'THAP1', 'VPS37B', 'NEK6', 'CDX1', 'PTBP1', 'U2AF2', 'FUBP1', 'TFRC', 'KRT2', 'EIF3B', 'DCAF8', 'EFTUD2', 'IPO7', 'SF3B3', 'OBSL1', 'CCDC8', 'DLC1', 'MAVS', 'SUZ12', 'EED', 'BMI1', 'FAF2', 'PPM1E', 'DRG1', 'EIF2A', 'LRRC59', 'RPS21', 'SUB1', 'CCT2', 'CCT3', 'CCT4', 'CCT6A', 'CCT8', 'NUP98', 'TCP1', 'TKT', 'SUN2', 'PCBP2', 'PCBP3', 'ABCE1', 'RPL10A', 'RPL14', 'AMBRA1', 'CAND2', 'EIF2B4', 'KIF14', 'METTL13', 'UBE3C', 'AAAS', 'EIF2B2', 'FAM120A', 'EIF2B5', 'BSG', 'PHOSPHO1', 'NIFK', 'CD274', 'VSIG2', 'CA14', 'PRR11', 'RP2', 'PPME1', 'PRKCSH', 'TEKT4', 'CAP2', 'DCP1B', 'DDX6', 'DCAF4', 'DNAJC11', 'STOM', 'HIST1H1B', 'SCN2B', 'ALDH3A2', 'IER2', 'RPS6KB2', 'HNRNPA1', 'ABAT', 'ACAA2', 'ACO2', 'GLO1', 'PDRG1', 'AKR1A1', 'ALDH1B1', 'LDHAL6A', 'LDHB', 'GPI', 'LDHAL6B', 'ASNS', 'C11orf54', 'ETFA', 'AGL', 'ATPIF1', 'ENO3', 'PGM1', 'UFC1', 'CAPG', 'COTL1', 'CRIP1', 'EIF4B', 'KYNU', 'NUP214', 'PFN1', 'PIR', 'RAB10', 'WDR1', 'CLIC4', 'COX17', 'CSRP1', 'CYCS', 'RRP15', 'SRP72', 'WDR12', 'EIF2B1', 'DDX1', 'ESD', 'ETFB', 'PSMA2', 'STAG2', 'FAHD1', 'FKBP1B', 'GNPDA2', 'GPX4', 'ATP5J', 'FKBP7', 'P4HB', 'TXN', 'ACAT2', 'HNRNPAB', 'HNRNPH1', 'LARS', 'LYPLA2', 'MDH2', 'NARS', 'NME1', 'SPR', 'PEPD', 'PGM2', 'AFG3L2', 'ATP5L', 'COX4I1', 'CYC1', 'DDOST', 'HSD17B10', 'HSD17B12', 'LMAN1', 'MTCH2', 'NDUFB4', 'OLA1', 'RAB1A', 'RAB1B', 'RAB2A', 'SSR1', 'STOML2', 'TAGLN2', 'VDAC1', 'VDAC3', 'PRDX2', 'PRDX5', 'PRDX6', 'NUP50', 'PSMA1', 'PSMB8', 'SF1', 'OAT', 'SSB', 'SSR3', 'STIP1', 'STK26', 'TAGLN3', 'ATP5F1', 'MYH7B', 'NDUFB10', 'TRAP1', 'UQCRFS1', 'RBBP5', 'CDT1', 'NUFIP2', 'RANBP3', 'CNDP2', 'PAFAH1B2', 'ZBTB17', 'CASC3', 'GET4', 'CLASP2', 'PTPN3', 'MED20', 'PPIB', 'RPS23', 'SRSF11', 'ATP2B1', 'CFAP97', 'TUBG1', 'ZBTB33', 'PDHA1', 'RAB5C', 'TMPO', 'AKAP1', 'RAB11A', 'EMC2', 'GOLT1B', 'TMEM63B', 'YIPF5', 'ASPM', 'TCOF1', 'SLC33A1', 'WDR46', 'NOP56', 'PLXNA3', 'RPL10', 'CBX8', 'FAM83H', 'TAF1D', 'PRR3', 'PLA2G4A', 'FOXG1', 'FOXH1', 'LRWD1', 'ORC2', 'SMARCA5', 'DARS', 'BMS1', 'TRMT1L', 'DDX52', 'DNAJC9', 'GTF3C4', 'PES1', 'PRPF8', 'QARS', 'SART1', 'SMC2', 'SNRNP200', 'FBXL12', 'SNW1', 'ESRRB', 'POU5F1', 'NAT10', 'PSMD7', 'RPL23A', 'TRUB2', 'RPL4', 'DDX42', 'RRP1', 'RPL15', 'MAP1LC3A', 'USP5', 'AHSA1', 'HIST1H2BB', 'CDC73', 'STMN1', 'RNF168', 'SMG7', 'RSL1D1', 'KPNA1', 'KPNA6', 'ZNF746', 'ANK3', 'ATIC', 'SEPT7', 'CLIC1', 'DDX3X', 'DVL3', 'EEF1D', 'EIF2S3', 'EIF4G1', 'EIF4G2', 'EIF5', 'GSPT1', 'EIF3E', 'LBR', 'PFKP', 'TWF1', 'RANGAP1', 'RPL7A', 'RPL24', 'RPL29', 'RPL34', 'RPL36AL', 'RPS2', 'SLC3A2', 'FSCN1', 'TPD52L2', 'TTK', 'TTN', 'EIF4H', 'DDX39B', 'STK24', 'RUVBL1', 'H1FX', 'LRRFIP1', 'H2AFY', 'TXNDC9', 'FLOT1', 'PAICS', 'EBNA1BP2', 'ATXN2L', 'PARK7', 'TWF2', 'PUF60', 'EPB41L3', 'LARP1', 'NGDN', 'GAPVD1', 'SERBP1', 'COPG2', 'GLOD4', 'XRN1', 'UACA', 'ARGLU1', 'ABCF3', 'PARVA', 'ZC3H15', 'UNC45A', 'NSFL1C', 'CIAPIN1', 'KIDINS220', 'EPS15L1', 'AHNAK', 'TNKS1BP1', 'RELB', 'PPEF2', 'PPP6C', 'FAN1', 'FGF8', 'CDK5', 'NUP54', 'RRP8', 'CRNN', 'KLHL7', 'TMEM206', 'COPG1', 'CCDC59', 'CCT6B', 'RBM34', 'RPL18A', 'YAF2', 'MTHFD2', 'SF3A3', 'ZNF2', 'RPS11', 'RPL18', 'ZNF512', 'SDC3', 'ZBTB48', 'MAK16', 'ZNF692', 'PPAN', 'RPL37A', 'FGF3', 'STYX', 'IL7R', 'FANCI', 'WDR92', 'DLD', 'DLST', 'FANCD2', 'CENPA', 'EXOC2', 'PTP4A3', 'UBL7', 'HEY1', 'E2F6', 'ZMYM4', 'PCGF6', 'RIPK4', 'PHACTR3', 'NDUFS2', 'NDUFS3', 'TFAP2A', 'MSH6', 'ORC5', 'DNAJB6', 'NR2C2', 'SNRPD1', 'CCT5', 'MATR3', 'ACTL6A', 'HDAC6', 'SMNDC1', 'RPL32', 'S100A8', 'RPL21', 'SMC3', 'PABPC1', 'RPL36', 'FAM98B', 'MARS', 'RPS13', 'POLE', 'RPL38', 'POLR2A', 'CHEK1', 'PRPF31', 'FHOD1', 'PTMA', 'PRPF6', 'RBM14', 'HNRNPR', 'HEXA', 'CCT7', 'DNAJA1', 'TUBA1B', 'RAB6A', 'MKI67', 'SRSF5', 'FBXO7', 'CWC15', 'OPTN', 'SNX3', 'GNL2', 'PPP6R3', 'YBX3', 'ATP5A1', 'RTCB', 'KIF4A', 'RPS19', 'HSPA1B', 'RPL27A', 'ATP6V1A', 'RPS17', 'PRRC2C', 'LCP1', 'TBCA', 'DYNC1LI1', 'SEC61B']",0.999999999997256
18,MCL,18,0,28,set(),"['PTPN6', 'LYN', 'PIK3R1', 'CRKL', 'GRB2', 'PTPN11', 'SHC1', 'ZAP70', 'HCK', 'VAV1', 'NEDD9', 'NCK1', 'PLCG1', 'IRS2', 'APOH', 'GAB3', 'PIK3R2', 'UBASH3B', 'PLCG2', 'MST1R', 'SHB', 'SH3BP2', 'GRAP2', 'CTSB', 'GAB1', 'ARHGAP32', 'FRS2', 'RBP4']",1.0
19,MCL,19,0,13,set(),"['HDAC1', 'HDAC2', 'HDAC3', 'SIN3A', 'MXD1', 'MTA1', 'EHMT1', 'ARID4A', 'ZNF219', 'ZFPM2', 'MTA3', 'GATAD2B', 'SP3']",1.0
21,MCL,21,0,22,set(),"['TP53', 'TP73', 'THRB', 'NCOR1', 'IGSF21', 'PGR', 'RXRA', 'PPARG', 'FBXW8', 'TP63', 'BCL6', 'TPT1', 'HIPK2', 'NKX3-1', 'RARA', 'PIAS4', 'PPARD', 'TWIST1', 'NAT2', 'SMARCE1', 'NR1I2', 'NR1H3']",1.0
25,MCL,25,0,19,set(),"['TNNI3K', 'HSP90AA1', 'BAD', 'PRKCQ', 'HSP90AB1', 'MCF2', 'HSPA4', 'CDC37', 'NUAK2', 'FKBP5', 'MERTK', 'PTGES3', 'EIF2AK1', 'MBP', 'MARCKS', 'NLRP2', 'HSP90AB3P', 'HSP90AB2P', 'EPHA4']",1.0
28,MCL,28,0,62,set(),"['ACP5', 'STC2', 'CTGF', 'RARB', 'CDC25A', 'ZEB2', 'ZBTB3', 'YY1', 'FBXO27', 'FBXO4', 'CDC34', 'SOX4', 'SIK3', 'NUAK1', 'SMPD1', 'NMT2', 'FAM193B', 'RBM15', 'CHD7', 'MNT', 'ELAVL1', 'ZNF420', 'ZFP36L1', 'SERTAD4', 'SRI', 'BHLHE41', 'DYRK1B', 'RIN2', 'TSC22D3', 'NHLH1', 'UBE2M', 'FHL1', 'DET1', 'ARF4', 'CFAP45', 'DAZAP1', 'COX5A', 'SLC25A32', 'LASP1', 'CDH13', 'CCNI', 'RNF13', 'NT5DC3', 'ERMP1', 'KLF5', 'DEPDC1', 'VANGL2', 'EIF5A', 'IDH1', 'LLGL1', 'ERC1', 'KANK2', 'F11R', 'SPRED1', 'KLK11', 'MGST3', 'MYADM', 'ICK', 'EGLN1', 'AZIN1', 'DUSP7', 'PRPSAP1']",1.0
16,MCL,16,0,20,set(),"['USF2', 'NCOA6', 'SMARCA4', 'SPI1', 'CREBBP', 'EP300', 'KAT2B', 'NEUROD1', 'NCOA1', 'NCOA3', 'POU1F1', 'JUND', 'ETV1', 'MAF', 'NCOR2', 'NR0B2', 'NFE2L2', 'NCOA2', 'DNMT3L', 'NKX2-1']",1.0
